row_id,duration,protocol_type,service,flag,src_bytes,dst_bytes,land,wrong_fragment,urgent,hot,num_failed_logins,logged_in,num_compromised,root_shell,su_attempted,num_root,num_file_creations,num_shells,num_access_files,num_outbound_cmds,is_host_login,is_guest_login,count,srv_count,serror_rate,srv_serror_rate,rerror_rate,srv_rerror_rate,same_srv_rate,diff_srv_rate,srv_diff_host_rate,dst_host_count,dst_host_srv_count,dst_host_same_srv_rate,dst_host_diff_srv_rate,dst_host_same_src_port_rate,dst_host_srv_diff_host_rate,dst_host_serror_rate,dst_host_srv_serror_rate,dst_host_rerror_rate,dst_host_srv_rerror_rate,attack_name,difficulty,category,novel_attack
8342,0,tcp,other,SF,240,619,0,0,0,0,0,0,0,0,0,0,0,0,0,0,0,0,2,2,0.00,0.00,0.00,0.00,1.00,0.00,0.00,66,11,0.17,0.08,0.02,0.00,0.00,0.00,0.11,0.64,httptunnel,6,u2r,1
11059,0,icmp,eco_i,SF,20,0,0,0,0,0,0,0,0,0,0,0,0,0,0,0,0,0,1,56,0.00,0.00,0.00,0.00,1.00,0.00,1.00,2,148,1.00,0.00,1.00,0.26,0.00,0.00,0.00,0.00,saint,15,probe,1
11469,0,tcp,http,SF,305,33229,0,0,0,0,0,1,0,0,0,0,0,0,0,0,0,0,2,4,0.00,0.00,0.00,0.00,1.00,0.00,0.75,2,255,1.00,0.00,0.50,0.05,0.00,0.00,0.00,0.00,normal,21,normal,0
7700,0,tcp,http,SF,261,791,0,0,0,0,0,1,0,0,0,0,0,0,0,0,0,0,2,2,0.00,0.00,0.00,0.00,1.00,0.00,0.00,32,255,1.00,0.00,0.03,0.02,0.00,0.00,0.00,0.00,normal,21,normal,0
22213,0,tcp,http,SF,228,3200,0,0,0,0,0,1,0,0,0,0,0,0,0,0,0,0,20,47,0.00,0.00,0.00,0.00,1.00,0.00,0.06,255,255,1.00,0.00,0.00,0.00,0.00,0.00,0.00,0.00,normal,21,normal,0
10572,0,udp,domain_u,SF,45,110,0,0,0,0,0,0,0,0,0,0,0,0,0,0,0,0,1,2,0.00,0.00,0.00,0.00,1.00,0.00,1.00,255,247,0.97,0.01,0.01,0.00,0.00,0.00,0.00,0.00,normal,21,normal,0
12090,0,icmp,ecr_i,SF,1032,0,0,0,0,0,0,0,0,0,0,0,0,0,0,0,0,0,447,447,0.00,0.00,0.00,0.00,1.00,0.00,0.00,255,255,1.00,0.00,1.00,0.00,0.00,0.00,0.00,0.00,smurf,18,dos,0
1556,0,tcp,sunrpc,S0,0,0,0,0,0,0,0,0,0,0,0,0,0,0,0,0,0,0,152,5,1.00,1.00,0.00,0.00,0.03,0.11,0.00,255,5,0.02,0.09,0.00,0.00,1.00,1.00,0.00,0.00,neptune,20,dos,0
10006,0,tcp,private,REJ,0,0,0,0,0,0,0,0,0,0,0,0,0,0,0,0,0,0,294,20,0.00,0.00,1.00,1.00,0.07,0.06,0.00,255,20,0.08,0.06,0.00,0.00,0.00,0.00,1.00,1.00,neptune,21,dos,0
358,0,udp,private,SF,52,52,0,0,0,0,0,0,0,0,0,0,0,0,0,0,0,0,511,511,0.00,0.00,0.00,0.00,1.00,0.00,0.00,255,255,1.00,0.00,0.78,0.00,0.00,0.00,0.00,0.00,normal,17,normal,0
3078,0,tcp,private,S0,0,0,0,0,0,0,0,0,0,0,0,0,0,0,0,0,0,0,211,8,0.75,1.00,0.25,0.00,0.04,0.07,0.00,255,8,0.03,0.07,0.00,0.00,0.62,1.00,0.37,0.00,neptune,21,dos,0
22248,0,tcp,http,SF,293,3410,0,0,0,0,0,1,0,0,0,0,0,0,0,0,0,0,13,23,0.00,0.00,0.00,0.00,1.00,0.00,0.09,243,255,1.00,0.00,0.00,0.01,0.00,0.00,0.00,0.00,normal,21,normal,0
21668,0,udp,private,SF,1,0,0,0,0,0,0,0,0,0,0,0,0,0,0,0,0,0,31,7,0.00,0.00,0.00,0.00,0.23,0.26,0.00,255,7,0.03,0.90,0.13,0.00,0.00,0.00,0.87,0.00,normal,3,normal,0
13007,0,udp,private,SF,45,45,0,0,0,0,0,0,0,0,0,0,0,0,0,0,0,0,2,2,0.00,0.00,0.00,0.00,1.00,0.00,0.00,255,255,1.00,0.00,0.01,0.00,0.00,0.00,0.00,0.00,snmpguess,15,r2l,1
11500,0,tcp,private,REJ,0,0,0,0,0,0,0,0,0,0,0,0,0,0,0,0,0,0,285,16,0.00,0.00,1.00,1.00,0.06,0.06,0.00,255,16,0.06,0.06,0.00,0.00,0.00,0.00,1.00,1.00,neptune,21,dos,0
11939,0,tcp,http,SF,336,12403,0,0,0,0,0,1,0,0,0,0,0,0,0,0,0,0,15,15,0.00,0.00,0.00,0.00,1.00,0.00,0.00,255,255,1.00,0.00,0.00,0.00,0.00,0.00,0.00,0.00,normal,21,normal,0
17979,0,udp,private,SF,42,0,0,0,0,0,0,0,0,0,0,0,0,0,0,0,0,0,4,4,0.00,0.00,0.00,0.00,1.00,0.00,0.00,255,254,1.00,0.01,0.00,0.00,0.00,0.00,0.00,0.00,snmpguess,15,r2l,1
20604,0,tcp,smtp,SF,3166,382,0,0,0,0,0,1,0,0,0,0,0,0,0,0,0,0,1,2,0.00,0.00,0.00,0.00,1.00,0.00,1.00,255,247,0.97,0.04,0.00,0.00,0.00,0.00,0.03,0.00,normal,14,normal,0
10381,15,tcp,telnet,SF,110,6992,0,0,0,0,0,1,0,0,0,0,0,0,0,0,0,0,1,1,0.00,0.00,0.00,0.00,1.00,0.00,0.00,53,2,0.02,0.09,0.02,1.00,0.00,0.00,0.00,0.00,normal,20,normal,0
13392,0,tcp,smtp,SF,0,83,0,0,0,0,0,1,0,0,0,0,0,0,0,0,0,0,1,1,0.00,0.00,0.00,0.00,1.00,0.00,0.00,19,139,0.42,0.26,0.05,0.01,0.00,0.00,0.00,0.00,normal,21,normal,0
19897,0,icmp,ecr_i,SF,1032,0,0,0,0,0,0,0,0,0,0,0,0,0,0,0,0,0,434,434,0.00,0.00,0.00,0.00,1.00,0.00,0.00,255,255,1.00,0.00,1.00,0.00,0.00,0.00,0.00,0.00,smurf,19,dos,0
14822,0,tcp,imap4,S0,0,0,0,0,0,0,0,0,0,0,0,0,0,0,0,0,0,0,1,2,1.00,1.00,0.00,0.00,1.00,0.00,1.00,86,86,0.34,0.03,0.01,0.03,1.00,1.00,0.00,0.00,mscan,18,probe,1
18776,1,tcp,smtp,SF,20879,327,0,0,0,0,0,1,0,0,0,0,0,0,0,0,0,0,1,2,0.00,0.00,0.00,0.00,1.00,0.00,1.00,190,165,0.61,0.03,0.01,0.01,0.00,0.00,0.02,0.02,normal,21,normal,0
1612,0,tcp,http,SF,200,16978,0,0,0,0,0,1,0,0,0,0,0,0,0,0,0,0,15,15,0.00,0.00,0.00,0.00,1.00,0.00,0.00,45,255,1.00,0.00,0.02,0.01,0.00,0.00,0.00,0.00,normal,21,normal,0
8880,0,tcp,private,S0,0,0,0,0,0,0,0,0,0,0,0,0,0,0,0,0,0,0,140,11,1.00,1.00,0.00,0.00,0.08,0.09,0.00,255,11,0.04,0.09,0.00,0.00,1.00,1.00,0.00,0.00,neptune,21,dos,0
16141,0,udp,private,SF,105,146,0,0,0,0,0,0,0,0,0,0,0,0,0,0,0,0,2,2,0.00,0.00,0.00,0.00,1.00,0.00,0.00,236,235,1.00,0.01,0.00,0.00,0.00,0.00,0.00,0.00,snmpgetattack,1,r2l,1
18770,0,tcp,private,REJ,0,0,0,0,0,0,0,0,0,0,0,0,0,0,0,0,0,0,184,5,0.00,0.00,1.00,1.00,0.03,0.06,0.00,255,5,0.02,0.06,0.00,0.00,0.00,0.00,1.00,1.00,neptune,21,dos,0
5407,0,udp,domain_u,SF,45,115,0,0,0,0,0,0,0,0,0,0,0,0,0,0,0,0,2,5,0.00,0.00,0.00,0.00,1.00,0.00,0.40,255,225,0.88,0.01,0.00,0.00,0.00,0.00,0.04,0.00,normal,18,normal,0
12104,0,tcp,http,SF,253,398,0,0,0,0,0,1,0,0,0,0,0,0,0,0,0,0,16,16,0.00,0.00,0.00,0.00,1.00,0.00,0.00,255,255,1.00,0.00,0.00,0.00,0.00,0.00,0.00,0.00,normal,21,normal,0
6840,0,udp,other,SF,1,1,0,0,0,0,0,0,0,0,0,0,0,0,0,0,0,0,161,1,0.00,0.00,0.00,0.00,0.01,1.00,0.00,255,1,0.00,1.00,1.00,0.00,0.00,0.00,0.00,0.00,satan,14,probe,0
3848,0,tcp,http,SF,306,18630,0,0,0,0,0,1,0,0,0,0,0,0,0,0,0,0,3,5,0.00,0.00,0.00,0.00,1.00,0.00,0.40,98,248,1.00,0.00,0.01,0.05,0.00,0.00,0.00,0.00,normal,21,normal,0
5077,0,tcp,http,SF,54540,8314,0,0,0,2,0,1,1,0,0,0,0,0,0,0,0,0,4,4,0.00,0.00,0.00,0.00,1.00,0.00,0.00,255,250,0.98,0.01,0.00,0.00,0.00,0.00,0.06,0.06,back,16,dos,0
6331,280,tcp,ftp_data,SF,283618,0,0,0,0,0,0,0,0,0,0,0,0,0,0,0,0,0,2,2,0.00,0.00,0.00,0.00,1.00,0.00,0.00,2,10,1.00,0.00,1.00,0.30,0.00,0.00,0.00,0.00,warezmaster,19,r2l,0
14192,0,tcp,private,REJ,0,0,0,0,0,0,0,0,0,0,0,0,0,0,0,0,0,0,292,13,0.00,0.00,1.00,1.00,0.04,0.06,0.00,255,13,0.05,0.07,0.00,0.00,0.00,0.00,1.00,1.00,neptune,21,dos,0
4020,0,tcp,private,S0,0,0,0,0,0,0,0,0,0,0,0,0,0,0,0,0,0,0,265,12,1.00,1.00,0.00,0.00,0.05,0.06,0.00,255,12,0.05,0.07,0.00,0.00,1.00,1.00,0.00,0.00,neptune,21,dos,0
1967,0,tcp,http,SF,215,1719,0,0,0,0,0,1,0,0,0,0,0,0,0,0,0,0,10,10,0.00,0.00,0.00,0.00,1.00,0.00,0.00,255,255,1.00,0.00,0.00,0.00,0.00,0.00,0.00,0.00,normal,21,normal,0
12359,0,tcp,other,REJ,0,0,0,0,0,0,0,0,0,0,0,0,0,0,0,0,0,0,1,1,0.00,0.00,1.00,1.00,1.00,0.00,0.00,255,6,0.02,0.02,0.00,0.00,0.00,0.00,0.02,1.00,httptunnel,18,u2r,1
7392,0,tcp,private,REJ,0,0,0,0,0,0,0,0,0,0,0,0,0,0,0,0,0,0,248,2,0.00,0.00,1.00,1.00,0.01,0.07,0.00,255,2,0.01,0.08,0.00,0.00,0.00,0.00,1.00,1.00,neptune,21,dos,0
5572,0,icmp,ecr_i,SF,1008,0,0,0,0,0,0,0,0,0,0,0,0,0,0,0,0,0,419,419,0.00,0.00,0.00,0.00,1.00,0.00,0.00,255,255,1.00,0.00,1.00,0.00,0.00,0.00,0.00,0.00,smurf,18,dos,0
15170,0,tcp,http,SF,297,4812,0,0,0,0,0,1,0,0,0,0,0,0,0,0,0,0,1,72,0.00,0.00,0.00,0.00,1.00,0.00,0.06,3,249,1.00,0.00,0.33,0.03,0.00,0.00,0.00,0.00,normal,20,normal,0
1539,0,tcp,http,SF,270,9235,0,0,0,0,0,1,0,0,0,0,0,0,0,0,0,0,4,7,0.00,0.00,0.00,0.00,1.00,0.00,0.29,118,255,1.00,0.00,0.01,0.03,0.00,0.00,0.00,0.00,normal,21,normal,0
7654,0,udp,private,SF,105,145,0,0,0,0,0,0,0,0,0,0,0,0,0,0,0,0,3,3,0.00,0.00,0.00,0.00,1.00,0.00,0.00,255,255,1.00,0.00,0.00,0.00,0.00,0.00,0.00,0.00,normal,19,normal,0
14390,0,tcp,telnet,S0,0,0,0,0,0,0,0,0,0,0,0,0,0,0,0,0,0,0,109,109,1.00,1.00,0.00,0.00,1.00,0.00,0.00,255,255,1.00,0.00,0.00,0.00,1.00,1.00,0.00,0.00,neptune,18,dos,0
16393,0,tcp,private,REJ,0,0,0,0,0,0,0,0,0,0,0,0,0,0,0,0,0,0,115,10,0.00,0.00,1.00,1.00,0.09,0.06,0.00,255,10,0.04,0.05,0.00,0.00,0.00,0.00,1.00,1.00,neptune,21,dos,0
9853,0,tcp,http,SF,232,438,0,0,0,0,0,1,0,0,0,0,0,0,0,0,0,0,1,1,0.00,0.00,0.00,0.00,1.00,0.00,0.00,255,255,1.00,0.00,0.00,0.00,0.00,0.00,0.00,0.00,normal,21,normal,0
9721,0,tcp,http,SF,232,397,0,0,0,0,0,1,0,0,0,0,0,0,0,0,0,0,11,12,0.00,0.00,0.00,0.00,1.00,0.00,0.17,255,255,1.00,0.00,0.00,0.00,0.00,0.00,0.00,0.00,normal,21,normal,0
21563,0,tcp,http,SF,254,2026,0,0,0,0,0,1,0,0,0,0,0,0,0,0,0,0,7,7,0.00,0.00,0.00,0.00,1.00,0.00,0.00,255,255,1.00,0.00,0.00,0.00,0.00,0.00,0.00,0.00,normal,21,normal,0
18466,0,tcp,pop_3,REJ,0,0,0,0,0,0,0,0,0,0,0,0,0,0,0,0,0,0,3,5,0.00,0.00,1.00,1.00,0.33,1.00,1.00,95,64,0.25,0.03,0.01,0.03,0.00,0.00,0.84,1.00,mscan,15,probe,1
11374,0,tcp,other,REJ,0,0,0,0,0,0,0,0,0,0,0,0,0,0,0,0,0,0,482,1,0.07,0.00,0.93,1.00,0.00,1.00,0.00,255,1,0.00,1.00,0.00,0.00,0.07,0.00,0.93,1.00,satan,20,probe,0
8750,0,tcp,private,RSTR,0,0,0,0,0,0,0,0,0,0,0,0,0,0,0,0,0,0,1,1,0.00,0.00,1.00,1.00,1.00,0.00,0.00,40,1,0.03,0.85,0.82,0.00,0.00,0.00,0.82,1.00,portsweep,16,probe,0
879,0,tcp,private,S0,0,0,0,0,0,0,0,0,0,0,0,0,0,0,0,0,0,0,178,14,1.00,1.00,0.00,0.00,0.08,0.10,0.00,255,14,0.05,0.09,0.00,0.00,1.00,1.00,0.00,0.00,neptune,21,dos,0
7676,0,tcp,smtp,SF,1761,413,0,0,0,0,0,1,0,0,0,0,0,0,0,0,0,0,1,1,0.00,0.00,0.00,0.00,1.00,0.00,0.00,120,192,0.90,0.03,0.01,0.01,0.00,0.00,0.02,0.02,normal,21,normal,0
330,0,tcp,http,REJ,0,0,0,0,0,0,0,0,0,0,0,0,0,0,0,0,0,0,264,20,0.00,0.00,1.00,1.00,0.08,0.06,0.00,255,20,0.08,0.06,0.00,0.00,0.00,0.00,1.00,1.00,neptune,18,dos,0
21448,0,tcp,http,SF,241,314,0,0,0,0,0,1,0,0,0,0,0,0,0,0,0,0,11,11,0.00,0.00,0.00,0.00,1.00,0.00,0.00,255,255,1.00,0.00,0.00,0.00,0.00,0.00,0.00,0.00,normal,21,normal,0
15709,0,tcp,http,SF,216,1056,0,0,0,0,0,1,0,0,0,0,0,0,0,0,0,0,11,12,0.00,0.00,0.00,0.00,1.00,0.00,0.17,11,255,1.00,0.00,0.09,0.04,0.00,0.00,0.00,0.00,normal,21,normal,0
7136,0,tcp,http,SF,297,15831,0,0,0,0,0,1,0,0,0,0,0,0,0,0,0,0,9,9,0.00,0.00,0.00,0.00,1.00,0.00,0.00,19,72,1.00,0.00,0.05,0.14,0.00,0.00,0.00,0.00,normal,21,normal,0
3249,0,tcp,smtp,SF,1407,331,0,0,0,0,0,1,0,0,0,0,0,0,0,0,0,0,1,2,0.00,0.00,0.00,0.00,1.00,0.00,1.00,137,150,0.42,0.05,0.01,0.01,0.00,0.00,0.02,0.02,normal,21,normal,0
1561,0,tcp,netstat,REJ,0,0,0,0,0,0,0,0,0,0,0,0,0,0,0,0,0,0,196,1,0.00,0.00,1.00,1.00,0.01,0.07,0.00,255,1,0.00,0.07,0.00,0.00,0.00,0.00,1.00,1.00,neptune,19,dos,0
18581,0,tcp,imap4,RSTO,0,44,0,0,0,0,0,0,0,0,0,0,0,0,0,0,0,0,1,1,0.00,0.00,1.00,1.00,1.00,0.00,0.00,215,60,0.24,0.02,0.00,0.03,0.04,0.00,0.88,0.87,mscan,12,probe,1
19810,0,udp,domain_u,SF,44,44,0,0,0,0,0,0,0,0,0,0,0,0,0,0,0,0,132,132,0.00,0.00,0.00,0.00,1.00,0.00,0.00,255,227,0.89,0.01,0.00,0.00,0.00,0.00,0.00,0.00,normal,18,normal,0
14874,0,udp,domain_u,SF,46,78,0,0,0,0,0,0,0,0,0,0,0,0,0,0,0,0,162,162,0.00,0.00,0.00,0.00,1.00,0.00,0.00,255,255,1.00,0.00,0.01,0.00,0.00,0.00,0.00,0.00,normal,18,normal,0
14962,0,tcp,private,REJ,0,0,0,0,0,0,0,0,0,0,0,0,0,0,0,0,0,0,114,18,0.00,0.00,1.00,1.00,0.16,0.08,0.00,255,18,0.07,0.06,0.00,0.00,0.00,0.00,1.00,1.00,neptune,21,dos,0
15366,0,udp,domain_u,SF,45,72,0,0,0,0,0,0,0,0,0,0,0,0,0,0,0,0,218,218,0.00,0.00,0.00,0.00,1.00,0.00,0.00,255,255,1.00,0.00,0.01,0.00,0.00,0.00,0.00,0.00,normal,18,normal,0
20733,22,tcp,http,SF,211,1247,0,0,0,1,0,1,0,0,0,0,0,0,0,0,0,0,5,5,0.00,0.00,0.00,0.00,1.00,0.00,0.00,5,255,1.00,0.00,0.20,0.02,0.00,0.00,0.00,0.00,normal,20,normal,0
15026,0,tcp,http,SF,224,1150,0,0,0,0,0,1,0,0,0,0,0,0,0,0,0,0,1,3,0.00,0.00,0.00,0.00,1.00,0.00,0.67,174,255,1.00,0.00,0.01,0.04,0.00,0.00,0.00,0.00,normal,21,normal,0
10731,0,tcp,private,REJ,0,0,0,0,0,0,0,0,0,0,0,0,0,0,0,0,0,0,130,8,0.00,0.00,1.00,1.00,0.06,0.06,0.00,255,8,0.03,0.06,0.00,0.00,0.00,0.00,1.00,1.00,neptune,21,dos,0
6149,280,tcp,ftp_data,SF,283618,0,0,0,0,0,0,0,0,0,0,0,0,0,0,0,0,0,2,2,0.00,0.00,0.00,0.00,1.00,0.00,0.00,5,10,0.80,0.40,0.80,0.30,0.00,0.00,0.00,0.00,warezmaster,9,r2l,0
19151,0,tcp,link,S0,0,0,0,0,0,0,0,0,0,0,0,0,0,0,0,0,0,0,171,9,1.00,1.00,0.00,0.00,0.05,0.08,0.00,255,9,0.04,0.09,0.00,0.00,1.00,1.00,0.00,0.00,neptune,18,dos,0
6441,0,icmp,eco_i,SF,18,0,0,0,0,0,0,0,0,0,0,0,0,0,0,0,0,0,1,1,0.00,0.00,0.00,0.00,1.00,0.00,0.00,1,102,1.00,0.00,1.00,1.00,0.00,0.00,0.00,0.00,ipsweep,16,probe,0
11775,0,tcp,http,SF,323,972,0,0,0,0,0,1,0,0,0,0,0,0,0,0,0,0,1,5,0.00,0.00,0.00,0.00,1.00,0.00,0.40,6,241,1.00,0.00,0.17,0.09,0.00,0.00,0.00,0.00,normal,21,normal,0
22164,0,tcp,ftp_data,REJ,0,0,0,0,0,0,0,0,0,0,0,0,0,0,0,0,0,0,250,3,0.00,0.00,1.00,1.00,0.01,0.07,0.00,255,3,0.01,0.07,0.00,0.00,0.00,0.00,1.00,1.00,neptune,20,dos,0
11133,0,udp,domain_u,SF,44,132,0,0,0,0,0,0,0,0,0,0,0,0,0,0,0,0,129,208,0.00,0.00,0.00,0.00,1.00,0.00,0.01,255,255,1.00,0.00,0.00,0.00,0.00,0.00,0.00,0.00,normal,18,normal,0
2649,0,tcp,http,SF,313,3102,0,0,0,0,0,1,0,0,0,0,0,0,0,0,0,0,11,18,0.00,0.00,0.00,0.00,1.00,0.00,0.17,45,255,1.00,0.00,0.02,0.02,0.02,0.00,0.00,0.00,normal,21,normal,0
20658,0,tcp,private,REJ,0,0,0,0,0,0,0,0,0,0,0,0,0,0,0,0,0,0,216,11,0.00,0.00,1.00,1.00,0.05,0.07,0.00,255,11,0.04,0.07,0.00,0.00,0.00,0.00,1.00,1.00,neptune,21,dos,0
20974,0,tcp,http,SF,291,327,0,0,0,0,0,1,0,0,0,0,0,0,0,0,0,0,1,4,0.00,0.00,0.00,0.00,1.00,0.00,1.00,20,255,1.00,0.00,0.05,0.03,0.00,0.00,0.00,0.00,normal,21,normal,0
11727,0,udp,domain_u,SF,43,109,0,0,0,0,0,0,0,0,0,0,0,0,0,0,0,0,64,144,0.00,0.00,0.00,0.00,0.98,0.03,0.01,255,254,1.00,0.01,0.00,0.00,0.00,0.00,0.00,0.00,normal,20,normal,0
22322,0,tcp,private,S0,0,0,0,0,0,0,0,0,0,0,0,0,0,0,0,0,0,0,294,18,1.00,1.00,0.00,0.00,0.06,0.05,0.00,255,18,0.07,0.06,0.00,0.00,1.00,1.00,0.00,0.00,neptune,21,dos,0
21654,0,tcp,http,SF,297,327,0,0,0,0,0,1,0,0,0,0,0,0,0,0,0,0,2,20,0.00,0.00,0.00,0.00,1.00,0.00,0.20,139,255,1.00,0.00,0.01,0.01,0.00,0.00,0.00,0.00,normal,21,normal,0
14334,0,tcp,http,SF,204,1721,0,0,0,0,0,1,0,0,0,0,0,0,0,0,0,0,7,7,0.00,0.00,0.00,0.00,1.00,0.00,0.00,255,255,1.00,0.00,0.00,0.00,0.00,0.00,0.00,0.00,normal,21,normal,0
13359,0,tcp,http,SF,323,9985,0,0,0,0,0,1,0,0,0,0,0,0,0,0,0,0,10,20,0.00,0.00,0.00,0.00,1.00,0.00,0.20,255,255,1.00,0.00,0.00,0.00,0.00,0.00,0.00,0.00,normal,21,normal,0
5771,0,tcp,private,S0,0,0,0,0,0,0,0,0,0,0,0,0,0,0,0,0,0,0,124,16,1.00,1.00,0.00,0.00,0.13,0.06,0.00,255,16,0.06,0.05,0.00,0.00,1.00,1.00,0.00,0.00,neptune,21,dos,0
5640,0,tcp,http,SF,286,332,0,0,0,0,0,1,0,0,0,0,0,0,0,0,0,0,13,13,0.00,0.00,0.00,0.00,1.00,0.00,0.00,13,255,1.00,0.00,0.08,0.02,0.00,0.01,0.00,0.00,normal,21,normal,0
20799,0,tcp,ftp_data,SF,6932,0,0,0,0,0,0,0,0,0,0,0,0,0,0,0,0,0,2,2,0.00,0.00,0.00,0.00,1.00,0.00,0.00,179,53,0.25,0.03,0.25,0.04,0.00,0.00,0.01,0.00,normal,20,normal,0
15228,0,udp,private,SF,105,146,0,0,0,0,0,0,0,0,0,0,0,0,0,0,0,0,1,1,0.00,0.00,0.00,0.00,1.00,0.00,0.00,255,254,1.00,0.01,0.02,0.00,0.00,0.00,0.00,0.00,normal,14,normal,0
7199,4,tcp,pop_3,SF,32,93,0,0,0,0,0,1,0,0,0,0,0,0,0,0,0,0,1,1,0.00,0.00,0.00,0.00,1.00,0.00,0.00,60,58,0.95,0.03,0.02,0.03,0.00,0.00,0.00,0.00,guess_passwd,6,r2l,0
7018,0,tcp,http,SF,296,773,0,0,0,0,0,1,0,0,0,0,0,0,0,0,0,0,9,15,0.00,0.00,0.00,0.00,1.00,0.00,0.13,96,255,1.00,0.00,0.01,0.01,0.00,0.00,0.00,0.00,normal,21,normal,0
21438,0,tcp,http,SF,309,519,0,0,0,0,0,1,0,0,0,0,0,0,0,0,0,0,17,20,0.00,0.00,0.00,0.00,1.00,0.00,0.15,255,255,1.00,0.00,0.00,0.00,0.00,0.00,0.00,0.00,normal,21,normal,0
20949,7220,tcp,telnet,SF,0,44,0,0,0,0,0,0,0,0,0,0,0,0,0,0,0,0,1,1,0.00,0.00,0.00,0.00,1.00,0.00,0.00,255,253,0.99,0.01,0.00,0.00,0.27,0.27,0.01,0.00,processtable,14,dos,1
9047,1,tcp,smtp,SF,2599,293,0,0,0,0,0,1,0,0,0,0,0,0,0,0,0,0,3,3,0.00,0.00,0.00,0.00,1.00,0.00,0.00,255,48,0.19,0.16,0.00,0.00,0.00,0.00,0.79,0.00,mailbomb,13,dos,1
20313,0,tcp,private,REJ,0,0,0,0,0,0,0,0,0,0,0,0,0,0,0,0,0,0,270,18,0.00,0.00,1.00,1.00,0.07,0.06,0.00,255,18,0.07,0.07,0.00,0.00,0.00,0.00,1.00,1.00,neptune,21,dos,0
342,0,tcp,http,SF,301,6085,0,0,0,0,0,1,0,0,0,0,0,0,0,0,0,0,14,15,0.00,0.00,0.00,0.00,1.00,0.00,0.13,120,255,1.00,0.00,0.01,0.01,0.00,0.00,0.00,0.00,normal,21,normal,0
21373,0,tcp,netstat,S0,0,0,0,0,0,0,0,0,0,0,0,0,0,0,0,0,0,0,163,6,1.00,1.00,0.00,0.00,0.04,0.10,0.00,255,6,0.02,0.09,0.00,0.00,1.00,1.00,0.00,0.00,neptune,18,dos,0
15531,0,tcp,http,SF,318,291,0,0,0,0,0,1,0,0,0,0,0,0,0,0,0,0,3,3,0.00,0.00,0.00,0.00,1.00,0.00,0.00,3,231,1.00,0.00,0.33,0.06,0.00,0.00,0.00,0.00,normal,21,normal,0
4294,0,udp,private,SF,44,0,0,0,0,0,0,0,0,0,0,0,0,0,0,0,0,0,4,4,0.00,0.00,0.00,0.00,1.00,0.00,0.00,255,253,0.99,0.01,0.01,0.00,0.00,0.00,0.00,0.00,snmpguess,15,r2l,1
9960,5,tcp,pop_3,SF,0,0,0,0,0,0,0,0,0,0,0,0,0,0,0,0,0,0,3,2,0.00,0.00,0.33,0.50,0.33,1.00,1.00,82,54,0.20,0.06,0.01,0.04,0.00,0.02,0.17,0.69,mscan,7,probe,1
8134,0,tcp,private,S0,0,0,0,0,0,0,0,0,0,0,0,0,0,0,0,0,0,0,174,4,1.00,1.00,0.00,0.00,0.02,0.08,0.00,255,4,0.02,0.08,0.00,0.00,1.00,1.00,0.00,0.00,neptune,21,dos,0
8781,280,tcp,ftp_data,SF,283618,0,0,0,0,0,0,0,0,0,0,0,0,0,0,0,0,0,2,2,0.00,0.00,0.00,0.00,1.00,0.00,0.00,8,26,1.00,0.00,1.00,0.12,0.00,0.00,0.00,0.00,warezmaster,15,r2l,0
21111,282,tcp,ftp,SF,162,597,0,0,0,2,0,1,0,0,0,0,0,0,0,0,0,1,1,1,0.00,0.00,0.00,0.00,1.00,0.00,0.00,255,19,0.07,0.02,0.00,0.00,0.09,0.00,0.28,0.00,warezmaster,12,r2l,0
7815,280,tcp,ftp_data,SF,283618,0,0,0,0,0,0,0,0,0,0,0,0,0,0,0,0,0,2,2,0.00,0.00,0.00,0.00,1.00,0.00,0.00,5,2,0.40,0.40,0.40,0.00,0.00,0.00,0.00,0.00,warezmaster,6,r2l,0
13212,0,icmp,eco_i,SF,20,0,0,0,0,0,0,0,0,0,0,0,0,0,0,0,0,0,486,1,0.06,0.00,0.91,0.00,0.00,1.00,0.00,255,1,0.00,1.00,0.00,0.00,0.05,0.00,0.89,0.00,saint,13,probe,1
15094,0,udp,private,SF,52,52,0,0,0,0,0,0,0,0,0,0,0,0,0,0,0,0,508,508,0.00,0.00,0.00,0.00,1.00,0.00,0.00,255,255,1.00,0.00,0.94,0.00,0.00,0.00,0.00,0.00,normal,17,normal,0
1661,0,tcp,http,SF,257,771,0,0,0,0,0,1,0,0,0,0,0,0,0,0,0,0,11,11,0.00,0.00,0.00,0.00,1.00,0.00,0.00,255,255,1.00,0.00,0.00,0.00,0.00,0.00,0.00,0.00,normal,21,normal,0
21536,0,tcp,http,SF,309,2698,0,0,0,0,0,1,0,0,0,0,0,0,1,0,0,0,4,18,0.00,0.00,0.00,0.00,1.00,0.00,0.11,255,227,0.89,0.04,0.00,0.00,0.01,0.00,0.06,0.00,normal,18,normal,0
5906,0,tcp,ftp_data,REJ,0,0,0,0,0,0,0,0,0,0,0,0,0,0,0,0,0,0,237,22,0.01,0.00,0.99,0.82,0.08,0.07,0.09,255,18,0.07,0.08,0.00,0.00,0.01,0.00,0.99,1.00,neptune,19,dos,0
16319,0,tcp,private,S0,0,0,0,0,0,0,0,0,0,0,0,0,0,0,0,0,0,0,239,17,1.00,1.00,0.00,0.00,0.07,0.07,0.00,255,17,0.07,0.07,0.00,0.00,1.00,1.00,0.00,0.00,neptune,21,dos,0
3284,0,udp,private,SF,44,44,0,0,0,0,0,0,0,0,0,0,0,0,0,0,0,0,3,3,0.00,0.00,0.00,0.00,1.00,0.00,0.00,255,255,1.00,0.00,0.02,0.00,0.00,0.00,0.00,0.00,snmpguess,16,r2l,1
16097,0,tcp,private,REJ,0,0,0,0,0,0,0,0,0,0,0,0,0,0,0,0,0,0,249,20,0.00,0.00,1.00,1.00,0.08,0.06,0.00,255,20,0.08,0.07,0.00,0.00,0.00,0.00,1.00,1.00,neptune,21,dos,0
1989,0,tcp,http,SF,221,2825,0,0,0,0,0,1,0,0,0,0,0,0,0,0,0,0,9,9,0.00,0.00,0.00,0.00,1.00,0.00,0.00,32,255,1.00,0.00,0.03,0.02,0.00,0.00,0.00,0.00,normal,21,normal,0
5319,0,tcp,private,REJ,0,0,0,0,0,0,0,0,0,0,0,0,0,0,0,0,0,0,105,15,0.00,0.00,1.00,1.00,0.14,0.07,0.00,255,15,0.06,0.06,0.00,0.00,0.00,0.00,1.00,1.00,neptune,21,dos,0
16021,0,tcp,other,REJ,0,0,0,0,0,0,0,0,0,0,0,0,0,0,0,0,0,0,491,1,0.10,0.00,0.90,1.00,0.00,1.00,0.00,255,1,0.00,1.00,0.00,0.00,0.09,0.00,0.91,1.00,saint,19,probe,1
15153,21,tcp,ftp,SF,132,572,0,0,0,2,0,1,0,0,0,0,0,0,0,0,1,0,1,1,0.00,0.00,0.00,0.00,1.00,0.00,0.00,18,1,0.06,0.17,0.06,0.00,0.00,0.00,0.00,0.00,xterm,4,u2r,1
19807,0,tcp,private,S0,0,0,0,0,0,0,0,0,0,0,0,0,0,0,0,0,0,0,287,16,1.00,1.00,0.00,0.00,0.06,0.06,0.00,255,16,0.06,0.07,0.00,0.00,1.00,1.00,0.00,0.00,neptune,21,dos,0
5575,8156,tcp,telnet,SF,0,15,0,0,0,0,0,0,0,0,0,0,0,0,0,0,0,0,1,1,0.00,0.00,0.00,0.00,1.00,0.00,0.00,255,53,0.21,0.04,0.00,0.00,0.00,0.02,0.11,0.25,processtable,8,dos,1
18737,4,tcp,pop_3,SF,26,93,0,0,0,0,0,1,0,0,0,0,0,0,0,0,0,0,1,1,0.00,0.00,0.00,0.00,1.00,0.00,0.00,249,230,0.92,0.01,0.00,0.00,0.00,0.00,0.04,0.00,guess_passwd,13,r2l,0
11433,0,udp,domain_u,SF,44,129,0,0,0,0,0,0,0,0,0,0,0,0,0,0,0,0,117,196,0.00,0.00,0.00,0.00,1.00,0.00,0.01,255,255,1.00,0.00,0.00,0.00,0.00,0.00,0.00,0.00,normal,18,normal,0
14179,0,tcp,http,SF,183,21455,0,0,0,0,0,1,0,0,0,0,0,0,0,0,0,0,1,1,0.00,0.00,0.00,0.00,1.00,0.00,0.00,255,255,1.00,0.00,0.00,0.00,0.00,0.00,0.00,0.00,normal,21,normal,0
4032,0,udp,domain_u,SF,36,0,0,0,0,0,0,0,0,0,0,0,0,0,0,0,0,0,1,6,0.00,0.00,0.00,0.00,1.00,0.00,0.67,40,105,1.00,0.00,1.00,0.02,0.00,0.00,0.00,0.00,normal,21,normal,0
7217,901,tcp,http,RSTR,62344,0,0,0,0,0,0,1,0,0,0,0,0,0,0,0,0,0,90,90,0.01,0.01,0.98,0.98,1.00,0.00,0.00,255,255,1.00,0.00,0.00,0.00,0.00,0.00,0.35,0.35,apache2,15,dos,1
954,0,udp,domain_u,SF,45,138,0,0,0,0,0,0,0,0,0,0,0,0,0,0,0,0,98,178,0.00,0.00,0.00,0.00,0.99,0.02,0.01,255,254,1.00,0.01,0.00,0.00,0.00,0.00,0.00,0.00,normal,18,normal,0
6070,0,tcp,ldap,REJ,0,0,0,0,0,0,0,0,0,0,0,0,0,0,0,0,0,0,260,7,0.00,0.00,1.00,1.00,0.03,0.07,0.00,255,7,0.03,0.07,0.00,0.00,0.00,0.00,1.00,1.00,neptune,20,dos,0
4731,0,tcp,http,SF,326,2650,0,0,0,0,0,1,0,0,0,0,0,0,0,0,0,0,13,14,0.00,0.00,0.00,0.00,1.00,0.00,0.14,233,255,1.00,0.00,0.00,0.01,0.00,0.00,0.00,0.00,normal,21,normal,0
15835,0,udp,domain_u,SF,75,46,0,0,0,0,0,0,0,0,0,0,0,0,0,0,0,0,142,142,0.00,0.00,0.00,0.00,1.00,0.00,0.00,255,239,0.94,0.01,0.16,0.00,0.00,0.00,0.00,0.00,normal,18,normal,0
19119,0,tcp,http,SF,219,4898,0,0,0,0,0,1,0,0,0,0,0,0,0,0,0,0,17,26,0.00,0.00,0.00,0.00,1.00,0.00,0.12,255,255,1.00,0.00,0.00,0.00,0.00,0.00,0.00,0.00,normal,21,normal,0
10096,0,tcp,http,S0,0,0,0,0,0,0,0,0,0,0,0,0,0,0,0,0,0,0,11,11,1.00,1.00,0.00,0.00,1.00,0.00,0.00,255,245,0.96,0.01,0.00,0.00,0.14,0.14,0.56,0.59,apache2,15,dos,1
352,7,tcp,pop_3,SF,30,93,0,0,0,0,0,1,0,0,0,0,0,0,0,0,0,0,2,1,0.00,0.00,0.00,0.00,0.50,1.00,0.00,255,249,0.98,0.01,0.00,0.00,0.00,0.00,0.02,0.00,guess_passwd,17,r2l,0
16918,0,icmp,eco_i,SF,8,0,0,0,0,0,0,0,0,0,0,0,0,0,0,0,0,0,1,35,0.00,0.00,0.00,0.00,1.00,0.00,1.00,1,52,1.00,0.00,1.00,0.52,0.00,0.00,0.00,0.00,ipsweep,18,probe,0
5067,0,tcp,http,SF,353,773,0,0,0,0,0,1,0,0,0,0,0,0,0,0,0,0,18,18,0.00,0.00,0.00,0.00,1.00,0.00,0.00,169,255,1.00,0.00,0.01,0.02,0.00,0.00,0.00,0.00,normal,21,normal,0
22488,0,tcp,other,REJ,0,0,0,0,0,0,0,0,0,0,0,0,0,0,0,0,0,0,1,1,0.00,0.00,1.00,1.00,1.00,0.00,0.00,255,19,0.07,0.02,0.00,0.00,0.00,0.00,0.08,0.95,httptunnel,16,u2r,1
18657,0,tcp,private,REJ,0,0,0,0,0,0,0,0,0,0,0,0,0,0,0,0,0,0,205,4,0.00,0.00,1.00,1.00,0.02,0.08,0.00,255,4,0.02,0.08,0.00,0.00,0.00,0.00,1.00,1.00,neptune,21,dos,0
10798,0,tcp,private,SH,0,0,0,0,0,0,0,0,0,0,0,0,0,0,0,0,0,0,1,1,1.00,1.00,0.00,0.00,1.00,0.00,0.00,76,1,0.01,1.00,1.00,0.00,1.00,1.00,0.00,0.00,nmap,19,probe,0
14583,0,tcp,http,SF,338,568,0,0,0,0,0,1,0,0,0,0,0,0,0,0,0,0,10,19,0.00,0.00,0.00,0.00,1.00,0.00,0.21,255,255,1.00,0.00,0.00,0.00,0.00,0.00,0.00,0.00,normal,21,normal,0
6948,0,udp,private,SF,105,146,0,0,0,0,0,0,0,0,0,0,0,0,0,0,0,0,2,1,0.00,0.00,0.00,0.00,0.50,1.00,0.00,255,254,1.00,0.01,0.01,0.00,0.00,0.00,0.00,0.00,normal,20,normal,0
8355,0,tcp,other,REJ,0,0,0,0,0,0,0,0,0,0,0,0,0,0,0,0,0,0,1,1,0.00,0.00,1.00,1.00,1.00,0.00,0.00,61,8,0.13,0.08,0.02,0.00,0.00,0.00,0.10,0.75,httptunnel,10,u2r,1
4271,0,tcp,netbios_ns,REJ,0,0,0,0,0,0,0,0,0,0,0,0,0,0,0,0,0,0,113,12,0.00,0.00,1.00,1.00,0.11,0.06,0.00,255,12,0.05,0.05,0.00,0.00,0.00,0.00,1.00,1.00,neptune,20,dos,0
359,0,tcp,name,REJ,0,0,0,0,0,0,0,0,0,0,0,0,0,0,0,0,0,0,195,5,0.00,0.00,1.00,1.00,0.03,0.07,0.00,255,5,0.02,0.07,0.00,0.00,0.00,0.00,1.00,1.00,neptune,18,dos,0
15024,0,tcp,csnet_ns,REJ,0,0,0,0,0,0,0,0,0,0,0,0,0,0,0,0,0,0,252,1,0.00,0.00,1.00,1.00,0.00,0.07,0.00,255,1,0.00,0.07,0.00,0.00,0.00,0.00,1.00,1.00,neptune,18,dos,0
9890,0,tcp,http,SF,293,599,0,0,0,0,0,1,0,0,0,0,0,0,0,0,0,0,23,38,0.00,0.00,0.00,0.00,1.00,0.00,0.05,23,255,1.00,0.00,0.04,0.06,0.00,0.00,0.00,0.00,normal,21,normal,0
18219,0,tcp,other,REJ,0,0,0,0,0,0,0,0,0,0,0,0,0,0,0,0,0,0,1,1,0.00,0.00,1.00,1.00,1.00,0.00,0.00,255,25,0.10,0.02,0.00,0.00,0.00,0.00,0.09,0.80,httptunnel,16,u2r,1
3722,0,tcp,http,SF,54540,8314,0,0,0,2,0,1,1,0,0,0,0,0,0,0,0,0,3,6,0.00,0.00,0.00,0.00,1.00,0.00,0.33,255,255,1.00,0.00,0.00,0.00,0.01,0.01,0.05,0.05,back,15,dos,0
15788,1,tcp,imap4,RSTO,0,44,0,0,0,0,0,0,0,0,0,0,0,0,0,0,0,0,2,4,0.00,0.00,1.00,1.00,0.50,1.00,1.00,255,48,0.19,0.03,0.00,0.00,0.00,0.00,0.68,0.92,mscan,13,probe,1
11564,8032,tcp,telnet,SF,0,44,0,0,0,0,0,0,0,0,0,0,0,0,0,0,0,0,1,1,0.00,0.00,0.00,0.00,1.00,0.00,0.00,255,80,0.31,0.03,0.00,0.00,0.01,0.03,0.11,0.16,processtable,8,dos,1
2015,0,tcp,http,SF,396,3835,0,0,0,0,0,1,0,0,0,0,0,0,0,0,0,0,12,16,0.00,0.00,0.00,0.00,1.00,0.00,0.19,255,255,1.00,0.00,0.00,0.00,0.00,0.00,0.00,0.00,normal,21,normal,0
1251,0,tcp,gopher,REJ,0,0,0,0,0,0,0,0,0,0,0,0,0,0,0,0,0,0,277,20,0.00,0.00,1.00,1.00,0.07,0.06,0.00,255,20,0.08,0.07,0.00,0.00,0.00,0.00,1.00,1.00,neptune,20,dos,0
8294,0,tcp,private,REJ,0,0,0,0,0,0,0,0,0,0,0,0,0,0,0,0,0,0,211,13,0.00,0.00,1.00,1.00,0.06,0.07,0.00,255,13,0.05,0.07,0.00,0.00,0.00,0.00,1.00,1.00,neptune,21,dos,0
3230,0,tcp,uucp,RSTO,0,0,0,0,0,0,0,0,0,0,0,0,0,0,0,0,0,0,98,6,0.00,0.00,1.00,1.00,0.06,0.07,0.00,255,6,0.02,0.06,0.00,0.00,0.00,0.00,1.00,1.00,neptune,18,dos,0
10099,0,tcp,sql_net,REJ,0,0,0,0,0,0,0,0,0,0,0,0,0,0,0,0,0,0,209,17,0.00,0.00,1.00,1.00,0.08,0.07,0.00,255,17,0.07,0.07,0.00,0.00,0.00,0.00,1.00,1.00,neptune,20,dos,0
19067,0,tcp,private,REJ,0,0,0,0,0,0,0,0,0,0,0,0,0,0,0,0,0,0,132,6,0.00,0.00,1.00,1.00,0.05,0.06,0.00,255,6,0.02,0.05,0.00,0.00,0.00,0.00,1.00,1.00,neptune,21,dos,0
9767,0,tcp,http,SF,303,1487,0,0,0,0,0,1,0,0,0,0,0,0,0,0,0,0,10,10,0.00,0.00,0.00,0.00,1.00,0.00,0.00,34,255,1.00,0.00,0.03,0.05,0.00,0.00,0.00,0.00,normal,21,normal,0
11817,0,tcp,private,REJ,0,0,0,0,0,0,0,0,0,0,0,0,0,0,0,0,0,0,284,2,0.00,0.00,1.00,1.00,0.01,0.06,0.00,255,2,0.01,0.06,0.00,0.00,0.00,0.00,1.00,1.00,neptune,21,dos,0
15311,0,tcp,private,REJ,0,0,0,0,0,0,0,0,0,0,0,0,0,0,0,0,0,0,237,12,0.09,0.92,0.91,0.08,0.05,0.06,0.00,255,12,0.05,0.07,0.00,0.00,0.09,0.92,0.91,0.08,neptune,21,dos,0
20846,0,tcp,http,SF,220,2120,0,0,0,0,0,1,0,0,0,0,0,0,0,0,0,0,14,14,0.00,0.00,0.00,0.00,1.00,0.00,0.00,255,255,1.00,0.00,0.00,0.00,0.00,0.00,0.00,0.00,normal,21,normal,0
819,0,tcp,http,SF,222,1718,0,0,0,0,0,1,0,0,0,0,0,0,0,0,0,0,4,4,0.00,0.00,0.00,0.00,1.00,0.00,0.00,255,255,1.00,0.00,0.00,0.00,0.00,0.00,0.00,0.00,normal,21,normal,0
5346,0,tcp,private,REJ,0,0,0,0,0,0,0,0,0,0,0,0,0,0,0,0,0,0,239,12,0.00,0.00,1.00,1.00,0.05,0.06,0.00,255,12,0.05,0.06,0.00,0.00,0.00,0.00,1.00,1.00,neptune,21,dos,0
1553,4,tcp,pop_3,SF,32,93,0,0,0,0,0,1,0,0,0,0,0,0,0,0,0,0,1,1,0.00,0.00,0.00,0.00,1.00,0.00,0.00,255,241,0.95,0.02,0.00,0.00,0.00,0.00,0.02,0.00,guess_passwd,18,r2l,0
3052,0,udp,domain_u,SF,36,0,0,0,0,0,0,0,0,0,0,0,0,0,0,0,0,0,3,5,0.00,0.00,0.00,0.00,1.00,0.00,0.60,42,42,1.00,0.00,1.00,0.00,0.00,0.00,0.00,0.00,normal,21,normal,0
14982,0,tcp,http,SF,317,193,0,0,0,0,0,1,0,0,0,0,0,0,0,0,0,0,29,29,0.00,0.00,0.00,0.00,1.00,0.00,0.00,255,255,1.00,0.00,0.00,0.00,0.00,0.00,0.00,0.00,normal,21,normal,0
2845,0,tcp,private,REJ,0,0,0,0,0,0,0,0,0,0,0,0,0,0,0,0,0,0,282,8,0.00,0.00,1.00,1.00,0.03,0.06,0.00,255,8,0.03,0.06,0.00,0.00,0.00,0.00,1.00,1.00,neptune,21,dos,0
20979,2078,tcp,http,RSTR,72564,0,0,0,0,0,0,1,0,0,0,0,0,0,0,0,0,0,11,11,0.00,0.00,1.00,1.00,1.00,0.00,0.00,255,232,0.91,0.02,0.00,0.00,0.00,0.00,0.09,0.10,apache2,16,dos,1
16617,0,tcp,telnet,RSTO,0,0,0,0,0,0,0,0,0,0,0,0,0,0,0,0,0,0,280,5,0.00,0.00,1.00,1.00,0.02,0.06,0.00,255,5,0.02,0.06,0.00,0.00,0.00,0.00,1.00,1.00,neptune,18,dos,0
15662,0,tcp,private,REJ,0,0,0,0,0,0,0,0,0,0,0,0,0,0,0,0,0,0,125,17,0.00,0.00,1.00,1.00,0.14,0.06,0.00,224,17,0.08,0.05,0.00,0.00,0.00,0.00,1.00,1.00,neptune,18,dos,0
17020,1,tcp,smtp,SF,103,402,0,0,0,0,0,1,0,0,0,0,0,0,0,0,0,0,1,3,0.00,0.00,0.00,0.00,1.00,0.00,1.00,63,46,0.73,0.10,0.02,0.00,0.02,0.00,0.08,0.11,normal,21,normal,0
5935,0,tcp,http,SF,281,648,0,0,0,0,0,1,0,0,0,0,0,0,0,0,0,0,7,7,0.00,0.00,0.00,0.00,1.00,0.00,0.00,69,255,1.00,0.00,0.01,0.04,0.00,0.00,0.00,0.00,normal,21,normal,0
21025,0,icmp,eco_i,SF,18,0,0,0,0,0,0,0,0,0,0,0,0,0,0,0,0,0,1,1,0.00,0.00,0.00,0.00,1.00,0.00,0.00,1,211,1.00,0.00,1.00,1.00,0.00,0.00,0.00,0.00,ipsweep,15,probe,0
13288,2,tcp,telnet,SF,24,109,0,0,0,0,0,0,0,0,0,0,0,0,0,0,0,0,2,6,0.00,0.00,0.50,0.50,1.00,0.00,0.50,136,85,0.33,0.04,0.01,0.02,0.00,0.00,0.88,0.66,mscan,7,probe,1
17310,5,tcp,pop_3,SF,28,93,0,0,0,0,0,1,0,0,0,0,0,0,0,0,0,0,1,1,0.00,0.00,0.00,0.00,1.00,0.00,0.00,255,228,0.89,0.02,0.00,0.00,0.00,0.00,0.07,0.00,guess_passwd,16,r2l,0
1946,0,icmp,ecr_i,SF,1480,0,0,1,0,0,0,0,0,0,0,0,0,0,0,0,0,0,2,4,0.00,0.00,0.00,0.00,1.00,0.00,0.50,2,30,1.00,0.00,1.00,0.50,0.00,0.00,0.00,0.00,normal,5,normal,0
7374,0,udp,other,SF,1,1,0,0,0,0,0,0,0,0,0,0,0,0,0,0,0,0,65,1,0.00,0.00,0.00,0.00,0.02,1.00,0.00,255,1,0.00,0.49,1.00,0.00,0.00,0.00,0.00,0.00,satan,16,probe,0
7213,4,tcp,pop_3,SF,28,93,0,0,0,0,0,1,0,0,0,0,0,0,0,0,0,0,1,1,0.00,0.00,0.00,0.00,1.00,0.00,0.00,255,233,0.91,0.04,0.00,0.00,0.00,0.00,0.00,0.00,guess_passwd,17,r2l,0
17615,0,tcp,klogin,REJ,0,0,0,0,0,0,0,0,0,0,0,0,0,0,0,0,0,0,136,9,0.00,0.00,1.00,1.00,0.07,0.06,0.00,255,9,0.04,0.05,0.00,0.00,0.00,0.00,1.00,1.00,neptune,21,dos,0
15303,0,icmp,ecr_i,SF,1032,0,0,0,0,0,0,0,0,0,0,0,0,0,0,0,0,0,271,271,0.00,0.00,0.00,0.00,1.00,0.00,0.00,255,255,1.00,0.00,1.00,0.00,0.00,0.00,0.00,0.00,smurf,20,dos,0
3983,0,tcp,http,SF,229,772,0,0,0,0,0,1,0,0,0,0,0,0,0,0,0,0,13,13,0.00,0.00,0.00,0.00,1.00,0.00,0.00,13,247,1.00,0.00,0.08,0.02,0.00,0.00,0.00,0.00,normal,21,normal,0
1852,0,tcp,private,S0,0,0,0,0,0,0,0,0,0,0,0,0,0,0,0,0,0,0,144,15,1.00,1.00,0.00,0.00,0.10,0.06,0.00,255,15,0.06,0.06,0.00,0.00,1.00,1.00,0.00,0.00,neptune,21,dos,0
1698,0,tcp,telnet,REJ,0,0,0,0,0,0,0,0,0,0,0,0,0,0,0,0,0,0,4,8,0.00,0.00,1.00,0.88,0.25,1.00,0.88,193,84,0.33,0.03,0.01,0.02,0.00,0.00,0.88,0.67,mscan,15,probe,1
8249,0,tcp,http,SF,204,167,0,0,0,0,0,1,0,0,0,0,0,0,0,0,0,0,12,12,0.00,0.00,0.00,0.00,1.00,0.00,0.00,12,255,1.00,0.00,0.08,0.02,0.00,0.00,0.00,0.00,normal,21,normal,0
1898,0,tcp,sunrpc,REJ,0,0,0,0,0,0,0,0,0,0,0,0,0,0,0,0,0,0,1,3,0.00,0.00,1.00,1.00,1.00,0.00,1.00,103,50,0.17,0.05,0.01,0.04,0.02,0.00,0.90,1.00,mscan,13,probe,1
9133,0,icmp,ecr_i,SF,1032,0,0,0,0,0,0,0,0,0,0,0,0,0,0,0,0,0,136,136,0.00,0.00,0.00,0.00,1.00,0.00,0.00,255,130,0.51,0.46,0.51,0.00,0.10,0.00,0.39,0.00,smurf,18,dos,0
3532,20,tcp,ftp,SF,224,764,0,0,0,4,0,1,0,0,0,0,0,0,0,0,0,1,1,1,0.00,0.00,0.00,0.00,1.00,0.00,0.00,37,9,0.24,0.05,0.03,0.00,0.00,0.00,0.00,0.00,normal,21,normal,0
10763,280,tcp,ftp_data,SF,283618,0,0,0,0,0,0,0,0,0,0,0,0,0,0,0,0,0,2,2,0.00,0.00,0.00,0.00,1.00,0.00,0.00,4,15,1.00,0.00,1.00,0.27,0.00,0.00,0.00,0.00,warezmaster,18,r2l,0
15033,0,tcp,http,SF,282,618,0,0,0,0,0,1,0,0,0,0,0,0,0,0,0,0,11,11,0.00,0.00,0.00,0.00,1.00,0.00,0.00,255,255,1.00,0.00,0.00,0.00,0.00,0.00,0.00,0.00,normal,21,normal,0
10693,0,tcp,other,REJ,0,0,0,0,0,0,0,0,0,0,0,0,0,0,0,0,0,0,398,1,0.17,0.00,0.83,1.00,0.00,1.00,0.00,255,1,0.00,0.92,0.00,0.00,0.16,0.00,0.84,1.00,satan,17,probe,0
13647,0,tcp,vmnet,REJ,0,0,0,0,0,0,0,0,0,0,0,0,0,0,0,0,0,0,253,8,0.00,0.00,1.00,1.00,0.03,0.06,0.00,255,8,0.03,0.07,0.00,0.00,0.00,0.00,1.00,1.00,neptune,19,dos,0
15174,0,udp,domain_u,SF,44,128,0,0,0,0,0,0,0,0,0,0,0,0,0,0,0,0,76,147,0.00,0.00,0.00,0.00,0.99,0.03,0.01,255,254,1.00,0.01,0.00,0.00,0.00,0.00,0.00,0.00,normal,20,normal,0
9180,0,tcp,http,SF,264,29498,0,0,0,0,0,1,0,0,0,0,0,0,0,0,0,0,1,1,0.00,0.00,0.00,0.00,1.00,0.00,0.00,97,255,1.00,0.00,0.01,0.02,0.00,0.00,0.00,0.00,normal,21,normal,0
20713,0,tcp,http,SF,224,2616,0,0,0,0,0,1,0,0,0,0,0,0,0,0,0,0,21,21,0.00,0.00,0.00,0.00,1.00,0.00,0.00,21,255,1.00,0.00,0.05,0.04,0.00,0.00,0.00,0.00,normal,21,normal,0
10128,0,tcp,http,SF,219,304,0,0,0,0,0,1,0,0,0,0,0,0,0,0,0,0,7,10,0.00,0.00,0.00,0.00,1.00,0.00,0.30,15,255,1.00,0.00,0.07,0.04,0.00,0.00,0.00,0.00,normal,21,normal,0
2973,0,tcp,other,REJ,0,0,0,0,0,0,0,0,0,0,0,0,0,0,0,0,0,0,511,1,0.12,0.00,0.88,1.00,0.00,1.00,0.00,255,1,0.00,0.94,0.00,0.00,0.12,0.00,0.88,1.00,satan,20,probe,0
20316,0,tcp,http,SF,285,10216,0,0,0,0,0,1,0,0,0,0,0,0,0,0,0,0,2,2,0.00,0.00,0.00,0.00,1.00,0.00,0.00,239,255,1.00,0.00,0.00,0.02,0.00,0.00,0.00,0.00,normal,21,normal,0
3626,4,tcp,pop_3,SF,32,93,0,0,0,0,0,1,0,0,0,0,0,0,0,0,0,0,1,1,0.00,0.00,0.00,0.00,1.00,0.00,0.00,255,140,0.55,0.02,0.00,0.00,0.00,0.00,0.17,0.02,guess_passwd,13,r2l,0
12208,0,tcp,ftp,SF,26,157,0,0,0,0,1,0,0,0,0,0,0,0,0,0,0,1,1,2,0.00,0.00,0.00,0.00,1.00,0.00,1.00,100,54,0.54,0.04,0.01,0.00,0.00,0.00,0.00,0.00,guess_passwd,6,r2l,0
1533,0,tcp,http,SF,283,2170,0,0,0,0,0,1,0,0,0,0,0,0,0,0,0,0,9,9,0.00,0.00,0.00,0.00,1.00,0.00,0.00,134,255,1.00,0.00,0.01,0.03,0.01,0.01,0.00,0.00,normal,21,normal,0
6820,0,tcp,http,SF,308,912,0,0,0,0,0,1,0,0,0,0,0,0,0,0,0,0,20,21,0.00,0.00,0.00,0.00,1.00,0.00,0.10,20,255,1.00,0.00,0.05,0.04,0.00,0.00,0.00,0.00,normal,21,normal,0
14675,0,tcp,smtp,SF,1202,397,0,0,0,0,0,1,0,0,0,0,0,0,0,0,0,0,1,1,0.00,0.00,0.00,0.00,1.00,0.00,0.00,164,62,0.33,0.03,0.01,0.03,0.61,0.00,0.00,0.00,normal,18,normal,0
22261,0,tcp,http,SF,331,1078,0,0,0,0,0,1,0,0,0,0,0,0,0,0,0,0,12,12,0.00,0.00,0.00,0.00,1.00,0.00,0.00,42,255,1.00,0.00,0.02,0.01,0.00,0.00,0.00,0.00,normal,21,normal,0
3260,0,tcp,http,SF,297,305,0,0,0,0,0,1,0,0,0,0,0,0,0,0,0,0,8,9,0.00,0.00,0.00,0.00,1.00,0.00,0.22,255,255,1.00,0.00,0.00,0.00,0.00,0.00,0.00,0.00,normal,21,normal,0
11798,0,tcp,smtp,SF,3022,334,0,0,0,0,0,1,0,0,0,0,0,0,0,0,0,0,1,1,0.00,0.00,0.00,0.00,1.00,0.00,0.00,121,109,0.90,0.03,0.01,0.00,0.00,0.00,0.02,0.03,normal,21,normal,0
12893,0,tcp,http,SF,197,22603,0,0,0,0,0,1,0,0,0,0,0,0,0,0,0,0,1,26,0.00,0.00,0.00,0.00,1.00,0.00,0.12,172,255,1.00,0.00,0.01,0.01,0.00,0.00,0.00,0.00,normal,21,normal,0
8250,0,tcp,http,REJ,0,0,0,0,0,0,0,0,0,0,0,0,0,0,0,0,0,0,33,12,0.00,0.00,1.00,1.00,0.36,0.12,0.00,255,58,0.23,0.11,0.01,0.00,0.00,0.00,1.00,1.00,neptune,17,dos,0
11957,0,udp,private,SF,53,50,0,0,0,0,0,0,0,0,0,0,0,0,0,0,0,0,511,511,0.00,0.00,0.00,0.00,1.00,0.00,0.00,255,255,1.00,0.00,1.00,0.00,0.00,0.00,0.00,0.00,normal,17,normal,0
17930,0,tcp,http,SF,230,601,0,0,0,0,0,1,0,0,0,0,0,0,0,0,0,0,1,1,0.00,0.00,0.00,0.00,1.00,0.00,0.00,31,255,1.00,0.00,0.03,0.02,0.00,0.00,0.00,0.00,normal,21,normal,0
15268,0,tcp,http,SF,279,2764,0,0,0,0,0,1,0,0,0,0,0,0,0,0,0,0,6,6,0.00,0.00,0.00,0.00,1.00,0.00,0.00,136,255,1.00,0.00,0.01,0.01,0.00,0.00,0.00,0.00,normal,21,normal,0
622,0,tcp,ftp_data,SF,12,0,0,0,0,0,0,0,0,0,0,0,0,0,0,0,0,0,1,1,0.00,0.00,0.00,0.00,1.00,0.00,0.00,14,21,0.93,0.14,0.93,0.10,0.00,0.00,0.00,0.00,warezmaster,5,r2l,0
648,0,tcp,http,SF,231,5322,0,0,0,0,0,1,0,0,0,0,0,0,0,0,0,0,15,15,0.00,0.00,0.00,0.00,1.00,0.00,0.00,32,255,1.00,0.00,0.03,0.02,0.00,0.00,0.00,0.00,normal,21,normal,0
19412,0,tcp,private,RSTO,0,0,0,0,0,0,0,0,0,0,0,0,0,0,0,0,0,0,108,9,0.00,0.00,1.00,1.00,0.08,0.06,0.00,255,9,0.04,0.06,0.00,0.00,0.00,0.00,1.00,1.00,neptune,21,dos,0
17651,0,tcp,finger,S0,0,0,0,0,0,0,0,0,0,0,0,0,0,0,0,0,0,0,64,17,1.00,1.00,0.00,0.00,0.27,0.06,0.00,255,64,0.25,0.02,0.01,0.00,0.97,1.00,0.00,0.00,neptune,20,dos,0
19287,0,tcp,http,SF,215,300,0,0,0,0,0,1,0,0,0,0,0,0,0,0,0,0,11,21,0.00,0.00,0.00,0.00,1.00,0.00,0.14,56,255,1.00,0.00,0.02,0.02,0.00,0.00,0.00,0.00,normal,21,normal,0
6342,0,udp,private,SF,44,0,0,0,0,0,0,0,0,0,0,0,0,0,0,0,0,0,2,2,0.00,0.00,0.00,0.00,1.00,0.00,0.00,255,254,1.00,0.01,0.00,0.00,0.00,0.00,0.00,0.00,snmpguess,16,r2l,1
6887,7454,tcp,telnet,SF,0,44,0,0,0,0,0,0,0,0,0,0,0,0,0,0,0,0,1,1,0.00,0.00,0.00,0.00,1.00,0.00,0.00,255,194,0.76,0.23,0.00,0.00,0.50,0.65,0.22,0.01,processtable,18,dos,1
12049,0,tcp,http,SF,241,11571,0,0,0,0,0,1,0,0,0,0,0,0,0,0,0,0,20,20,0.00,0.00,0.00,0.00,1.00,0.00,0.00,20,255,1.00,0.00,0.05,0.03,0.00,0.00,0.00,0.00,normal,21,normal,0
2408,1,tcp,smtp,SF,780,343,0,0,0,0,0,1,0,0,0,0,0,0,0,0,0,0,1,2,0.00,0.00,0.00,0.00,1.00,0.00,1.00,12,157,0.92,0.17,0.08,0.01,0.00,0.00,0.00,0.00,normal,21,normal,0
21044,0,tcp,private,REJ,0,0,0,0,0,0,0,0,0,0,0,0,0,0,0,0,0,0,116,6,0.00,0.00,1.00,1.00,0.05,0.06,0.00,255,6,0.02,0.05,0.00,0.00,0.00,0.00,1.00,1.00,neptune,21,dos,0
2651,4,tcp,pop_3,SF,26,93,0,0,0,0,0,1,0,0,0,0,0,0,0,0,0,0,1,1,0.00,0.00,0.00,0.00,1.00,0.00,0.00,61,59,0.95,0.03,0.02,0.03,0.00,0.00,0.00,0.00,guess_passwd,6,r2l,0
671,0,udp,other,SF,1,1,0,0,0,0,0,0,0,0,0,0,0,0,0,0,0,0,145,1,0.00,0.00,0.00,0.00,0.01,1.00,0.00,255,1,0.00,0.62,0.99,0.00,0.00,0.00,0.00,0.00,satan,19,probe,0
11809,0,tcp,http,SF,313,5096,0,0,0,0,0,1,0,0,0,0,0,0,0,0,0,0,11,11,0.00,0.00,0.00,0.00,1.00,0.00,0.00,51,242,1.00,0.00,0.02,0.03,0.00,0.00,0.00,0.00,normal,21,normal,0
16834,4,tcp,pop_3,SF,27,93,0,0,0,0,0,1,0,0,0,0,0,0,0,0,0,0,1,1,0.00,0.00,0.00,0.00,1.00,0.00,0.00,255,231,0.91,0.02,0.00,0.00,0.00,0.00,0.06,0.00,guess_passwd,16,r2l,0
7645,0,tcp,imap4,REJ,0,0,0,0,0,0,0,0,0,0,0,0,0,0,0,0,0,0,222,2,0.00,0.00,1.00,1.00,0.01,0.06,0.00,255,2,0.01,0.07,0.00,0.00,0.00,0.00,1.00,1.00,neptune,19,dos,0
1980,0,tcp,auth,SF,10,39,0,0,0,0,0,0,0,0,0,0,0,0,0,0,0,0,1,1,0.00,0.00,0.00,0.00,1.00,0.00,0.00,149,8,0.03,0.04,0.01,0.25,0.00,0.00,0.00,0.00,normal,21,normal,0
2683,0,tcp,imap4,RSTO,0,44,0,0,0,0,0,0,0,0,0,0,0,0,0,0,0,0,3,4,0.00,0.00,0.67,1.00,0.33,0.67,1.00,255,54,0.21,0.02,0.00,0.00,0.00,0.00,0.80,0.96,mscan,14,probe,1
17304,0,tcp,http,SF,232,9273,0,0,0,0,0,1,0,0,0,0,0,0,0,0,0,0,1,11,0.00,0.00,0.00,0.00,1.00,0.00,0.36,14,255,1.00,0.00,0.07,0.07,0.00,0.00,0.00,0.00,normal,21,normal,0
4541,0,tcp,private,REJ,0,0,0,0,0,0,0,0,0,0,0,0,0,0,0,0,0,0,54,1,0.00,0.00,0.98,1.00,0.02,1.00,0.00,89,1,0.01,0.49,0.01,0.00,0.00,0.00,0.44,1.00,satan,14,probe,0
2014,0,tcp,http_443,REJ,0,0,0,0,0,0,0,0,0,0,0,0,0,0,0,0,0,0,101,6,0.00,0.00,1.00,1.00,0.06,0.06,0.00,255,6,0.02,0.06,0.00,0.00,0.00,0.00,1.00,1.00,neptune,20,dos,0
227,0,tcp,private,S0,0,0,0,0,0,0,0,0,0,0,0,0,0,0,0,0,0,0,148,11,1.00,1.00,0.00,0.00,0.07,0.05,0.00,58,11,0.19,0.09,0.02,0.00,1.00,1.00,0.00,0.00,neptune,18,dos,0
18157,0,tcp,telnet,SF,123,174,0,0,0,0,1,0,0,0,0,0,0,0,0,0,0,0,1,1,0.00,0.00,0.00,0.00,1.00,0.00,0.00,255,250,0.98,0.01,0.00,0.00,0.00,0.00,0.02,0.02,guess_passwd,16,r2l,0
21698,280,tcp,ftp_data,SF,283618,0,0,0,0,0,0,0,0,0,0,0,0,0,0,0,0,0,1,1,0.00,0.00,0.00,0.00,1.00,0.00,0.00,3,33,1.00,0.00,1.00,0.15,0.00,0.00,0.00,0.00,warezmaster,16,r2l,0
11051,0,tcp,http,SF,228,30900,0,0,0,0,0,1,0,0,0,0,0,0,0,0,0,0,1,8,0.00,0.00,0.00,0.00,1.00,0.00,0.25,19,233,1.00,0.00,0.05,0.07,0.00,0.00,0.00,0.00,normal,21,normal,0
14665,0,tcp,http,SF,233,771,0,0,0,0,0,1,0,0,0,0,0,0,0,0,0,0,9,9,0.00,0.00,0.00,0.00,1.00,0.00,0.00,162,255,1.00,0.00,0.01,0.01,0.00,0.00,0.00,0.00,normal,21,normal,0
7928,0,tcp,http,S0,0,0,0,0,0,0,0,0,0,0,0,0,0,0,0,0,0,0,87,87,1.00,1.00,0.00,0.00,1.00,0.00,0.00,255,255,1.00,0.00,0.00,0.00,0.47,0.47,0.51,0.51,apache2,17,dos,1
4356,0,tcp,private,REJ,0,0,0,0,0,0,0,0,0,0,0,0,0,0,0,0,0,0,216,18,0.00,0.00,1.00,1.00,0.08,0.07,0.00,255,18,0.07,0.07,0.00,0.00,0.00,0.00,1.00,1.00,neptune,21,dos,0
5401,8208,tcp,telnet,SF,0,15,0,0,0,0,0,0,0,0,0,0,0,0,0,0,0,0,1,1,0.00,0.00,0.00,0.00,1.00,0.00,0.00,255,38,0.15,0.04,0.00,0.00,0.00,0.03,0.08,0.26,processtable,7,dos,1
156,8169,tcp,telnet,SF,0,15,0,0,0,0,0,0,0,0,0,0,0,0,0,0,0,0,1,1,0.00,0.00,0.00,0.00,1.00,0.00,0.00,255,19,0.07,0.82,0.00,0.00,0.00,0.00,0.80,0.00,processtable,12,dos,1
838,0,udp,domain_u,SF,45,45,0,0,0,0,0,0,0,0,0,0,0,0,0,0,0,0,73,146,0.00,0.00,0.00,0.00,0.99,0.03,0.01,255,254,1.00,0.01,0.01,0.00,0.00,0.00,0.00,0.00,normal,20,normal,0
16910,0,tcp,sunrpc,REJ,0,0,0,0,0,0,0,0,0,0,0,0,0,0,0,0,0,0,4,16,0.00,0.00,0.50,1.00,0.25,1.00,1.00,255,8,0.03,0.03,0.00,0.00,0.00,0.00,0.20,1.00,mscan,14,probe,1
10276,0,udp,domain_u,SF,46,46,0,0,0,0,0,0,0,0,0,0,0,0,0,0,0,0,93,96,0.00,0.00,0.00,0.00,1.00,0.00,0.02,255,255,1.00,0.00,0.00,0.00,0.00,0.00,0.00,0.00,normal,21,normal,0
20763,0,tcp,private,REJ,0,0,0,0,0,0,0,0,0,0,0,0,0,0,0,0,0,0,150,9,0.00,0.00,1.00,1.00,0.06,0.07,0.00,255,9,0.04,0.06,0.00,0.00,0.00,0.00,1.00,1.00,neptune,21,dos,0
2959,0,tcp,http,SF,225,951,0,0,0,0,0,1,0,0,0,0,0,0,0,0,0,0,9,14,0.00,0.00,0.00,0.00,1.00,0.00,0.29,86,255,1.00,0.00,0.01,0.01,0.00,0.00,0.00,0.00,normal,21,normal,0
19345,0,tcp,http,SF,217,2187,0,0,0,0,0,1,0,0,0,0,0,0,0,0,0,0,3,3,0.00,0.00,0.00,0.00,1.00,0.00,0.00,131,255,1.00,0.00,0.01,0.05,0.00,0.00,0.00,0.00,normal,21,normal,0
6642,0,tcp,http,SF,330,10872,0,0,0,0,0,1,0,0,0,0,0,0,0,0,0,0,5,6,0.00,0.00,0.00,0.00,1.00,0.00,0.33,255,255,1.00,0.00,0.00,0.00,0.00,0.00,0.00,0.00,normal,21,normal,0
10522,0,tcp,http,SF,311,4894,0,0,0,0,0,1,0,0,0,0,0,0,0,0,0,0,10,11,0.00,0.00,0.00,0.00,1.00,0.00,0.18,54,71,1.00,0.00,0.02,0.07,0.00,0.00,0.00,0.00,normal,21,normal,0
12044,0,tcp,ftp_data,SF,12,0,0,0,0,0,0,0,0,0,0,0,0,0,0,0,0,0,1,1,0.00,0.00,0.00,0.00,1.00,0.00,0.00,1,9,1.00,0.00,1.00,0.33,0.00,0.00,0.00,0.00,warezmaster,17,r2l,0
11032,0,icmp,ecr_i,SF,1480,0,0,1,0,0,0,0,0,0,0,0,0,0,0,0,0,0,1,3,0.00,0.00,0.00,0.00,1.00,0.00,0.67,1,31,1.00,0.00,1.00,0.52,0.00,0.00,0.00,0.00,pod,16,dos,0
6067,898,tcp,http,RSTR,55744,0,0,0,0,0,0,1,0,0,0,0,0,0,0,0,0,0,29,29,0.00,0.00,1.00,1.00,1.00,0.00,0.00,255,255,1.00,0.00,0.00,0.00,0.00,0.00,0.52,0.52,apache2,15,dos,1
21924,0,tcp,http,SF,223,5989,0,0,0,0,0,1,0,0,0,0,0,0,0,0,0,0,8,8,0.00,0.00,0.00,0.00,1.00,0.00,0.00,180,255,1.00,0.00,0.01,0.02,0.00,0.00,0.00,0.00,normal,21,normal,0
16479,0,tcp,telnet,REJ,0,0,0,0,0,0,0,0,0,0,0,0,0,0,0,0,0,0,1,23,0.00,0.13,1.00,0.78,1.00,0.00,0.91,68,89,0.35,0.07,0.01,0.02,0.03,0.02,0.87,0.65,mscan,13,probe,1
22051,4,tcp,http,SF,54540,8314,0,0,0,2,0,1,1,0,0,0,0,0,0,0,0,0,3,3,0.00,0.00,0.33,0.33,1.00,0.00,0.00,255,255,1.00,0.00,0.00,0.00,0.01,0.01,0.05,0.05,back,16,dos,0
793,1,tcp,smtp,SF,1684,283,0,0,0,0,0,1,0,0,0,0,0,0,0,0,0,0,1,5,0.00,0.00,0.00,0.00,1.00,0.00,1.00,255,4,0.02,0.02,0.00,0.00,0.00,0.00,0.04,0.00,normal,17,normal,0
13530,287,tcp,ftp,SF,162,599,0,0,0,2,0,1,0,0,0,0,0,0,0,0,0,1,1,1,0.00,0.00,0.00,0.00,1.00,0.00,0.00,255,27,0.11,0.02,0.00,0.00,0.00,0.00,0.36,0.00,warezmaster,13,r2l,0
12599,0,tcp,sunrpc,REJ,0,0,0,0,0,0,0,0,0,0,0,0,0,0,0,0,0,0,4,13,0.00,0.00,1.00,1.00,0.25,1.00,1.00,26,48,0.15,0.19,0.04,0.04,0.00,0.00,0.77,1.00,mscan,14,probe,1
4378,0,icmp,ecr_i,SF,1008,0,0,0,0,0,0,0,0,0,0,0,0,0,0,0,0,0,198,198,0.00,0.00,0.00,0.00,1.00,0.00,0.00,255,255,1.00,0.00,1.00,0.00,0.00,0.00,0.00,0.00,smurf,18,dos,0
13595,0,udp,private,SF,46,43,0,0,0,0,0,0,0,0,0,0,0,0,0,0,0,0,128,128,0.00,0.00,0.00,0.00,1.00,0.00,0.00,255,255,1.00,0.00,0.50,0.00,0.00,0.00,0.00,0.00,normal,14,normal,0
11577,0,tcp,private,REJ,0,0,0,0,0,0,0,0,0,0,0,0,0,0,0,0,0,0,245,19,0.06,0.00,0.94,1.00,0.08,0.07,0.00,255,19,0.07,0.07,0.00,0.00,0.06,0.00,0.94,1.00,neptune,21,dos,0
16510,0,tcp,private,REJ,0,0,0,0,0,0,0,0,0,0,0,0,0,0,0,0,0,0,124,18,0.68,0.00,0.32,1.00,0.15,0.06,0.00,255,18,0.07,0.06,0.00,0.00,0.70,0.00,0.30,1.00,neptune,21,dos,0
1333,0,tcp,other,REJ,0,0,0,0,0,0,0,0,0,0,0,0,0,0,0,0,0,0,1,1,0.00,0.00,1.00,1.00,1.00,0.00,0.00,76,1,0.01,0.04,0.01,0.00,0.00,0.00,0.01,1.00,httptunnel,12,u2r,1
13710,0,tcp,http,SF,344,2615,0,0,0,0,0,1,0,0,0,0,0,0,0,0,0,0,3,3,0.00,0.00,0.00,0.00,1.00,0.00,0.00,77,255,1.00,0.00,0.01,0.02,0.00,0.00,0.00,0.00,normal,21,normal,0
1023,0,tcp,http,SF,235,2772,0,0,0,0,0,1,0,0,0,0,0,0,0,0,0,0,18,24,0.00,0.00,0.00,0.00,1.00,0.00,0.17,255,255,1.00,0.00,0.00,0.00,0.00,0.00,0.00,0.00,normal,21,normal,0
8243,0,tcp,http,SF,369,11930,0,0,0,0,0,1,0,0,0,0,0,0,0,0,0,0,9,10,0.00,0.00,0.00,0.00,1.00,0.00,0.20,9,255,1.00,0.00,0.11,0.03,0.00,0.00,0.00,0.00,normal,21,normal,0
9218,4,tcp,pop_3,SF,30,93,0,0,0,0,0,1,0,0,0,0,0,0,0,0,0,0,1,1,0.00,0.00,0.00,0.00,1.00,0.00,0.00,255,248,0.97,0.01,0.00,0.00,0.00,0.00,0.00,0.00,guess_passwd,18,r2l,0
577,0,tcp,http,SF,225,670,0,0,0,0,0,1,0,0,0,0,0,0,0,0,0,0,10,25,0.00,0.00,0.00,0.00,1.00,0.00,0.12,163,255,1.00,0.00,0.01,0.04,0.00,0.00,0.00,0.00,normal,21,normal,0
13416,1,tcp,smtp,SF,2599,293,0,0,0,0,0,1,0,0,0,0,0,0,0,0,0,0,2,2,0.00,0.00,0.00,0.00,1.00,0.00,0.00,255,5,0.02,0.16,0.00,0.00,0.00,0.00,0.96,0.00,mailbomb,12,dos,1
1746,0,tcp,http,SF,210,303,0,0,0,0,0,1,0,0,0,0,0,0,0,0,0,0,1,2,0.00,0.00,0.00,0.00,1.00,0.00,1.00,95,255,1.00,0.00,0.01,0.03,0.00,0.00,0.00,0.00,normal,21,normal,0
21983,0,udp,domain_u,SF,42,124,0,0,0,0,0,0,0,0,0,0,0,0,0,0,0,0,77,156,0.00,0.00,0.00,0.00,1.00,0.00,0.01,255,255,1.00,0.00,0.00,0.00,0.00,0.00,0.00,0.00,normal,19,normal,0
20928,0,tcp,other,REJ,0,0,0,0,0,0,0,0,0,0,0,0,0,0,0,0,0,0,411,1,0.15,0.00,0.83,1.00,0.00,1.00,0.00,255,1,0.00,0.96,0.00,0.00,0.10,0.00,0.89,1.00,satan,17,probe,0
1174,0,tcp,ftp_data,SF,40494,0,0,0,0,0,0,0,0,0,0,0,0,0,0,0,0,0,9,9,0.00,0.00,0.00,0.00,1.00,0.00,0.00,88,38,0.22,0.05,0.22,0.05,0.00,0.00,0.00,0.00,normal,21,normal,0
11223,0,tcp,http,SF,199,58294,0,0,0,0,0,1,0,0,0,0,0,0,0,0,0,0,4,13,0.00,0.00,0.00,0.00,1.00,0.00,0.15,11,255,1.00,0.00,0.09,0.02,0.00,0.00,0.00,0.00,normal,21,normal,0
21931,280,tcp,ftp_data,SF,283618,0,0,0,0,0,0,0,0,0,0,0,0,0,0,0,0,0,2,2,0.00,0.00,0.00,0.00,1.00,0.00,0.00,4,4,1.00,0.00,1.00,0.00,0.00,0.00,0.00,0.00,warezmaster,19,r2l,0
4150,0,udp,private,SF,1,1,0,0,0,0,0,0,0,0,0,0,0,0,0,0,0,0,95,1,0.00,0.00,0.00,0.00,0.01,0.79,0.00,255,1,0.00,0.51,0.96,0.00,0.00,0.00,0.04,0.00,satan,17,probe,0
11485,0,tcp,http,SF,297,1736,0,0,0,0,0,1,0,0,0,0,0,0,0,0,0,0,2,2,0.00,0.00,0.00,0.00,1.00,0.00,0.00,26,243,1.00,0.00,0.04,0.08,0.00,0.00,0.00,0.00,normal,21,normal,0
1471,0,tcp,http,SF,220,1212,0,0,0,0,0,1,0,0,0,0,0,0,0,0,0,0,13,13,0.00,0.00,0.00,0.00,1.00,0.00,0.00,255,255,1.00,0.00,0.00,0.00,0.00,0.00,0.00,0.00,normal,21,normal,0
12703,0,tcp,telnet,REJ,0,0,0,0,0,0,0,0,0,0,0,0,0,0,0,0,0,0,1,6,0.00,0.17,1.00,0.50,1.00,0.00,0.67,96,89,0.33,0.05,0.01,0.02,0.00,0.11,0.89,0.58,mscan,13,probe,1
15406,0,udp,other,SF,1,1,0,0,0,0,0,0,0,0,0,0,0,0,0,0,0,0,221,1,0.00,0.00,0.00,0.00,0.00,1.00,0.00,255,1,0.00,1.00,1.00,0.00,0.00,0.00,0.00,0.00,satan,17,probe,0
20807,0,tcp,pop_3,S0,0,0,0,0,0,0,0,0,0,0,0,0,0,0,0,0,0,0,1,6,1.00,1.00,0.00,0.00,1.00,0.00,1.00,9,85,0.33,0.33,0.11,0.04,1.00,1.00,0.00,0.00,mscan,18,probe,1
7079,0,tcp,smtp,SF,2956,330,0,0,0,0,0,1,0,0,0,0,0,0,0,0,0,0,1,1,0.00,0.00,0.00,0.00,1.00,0.00,0.00,235,155,0.66,0.02,0.00,0.00,0.00,0.00,0.00,0.00,normal,21,normal,0
12224,0,tcp,http,SF,285,289,0,0,0,0,0,1,0,0,0,0,0,0,0,0,0,0,3,13,0.00,0.00,0.00,0.00,1.00,0.00,0.38,74,255,1.00,0.00,0.01,0.01,0.00,0.00,0.00,0.00,normal,21,normal,0
13367,283,tcp,ftp,SF,158,595,0,0,0,2,0,1,0,0,0,0,0,0,0,0,0,1,1,1,0.00,0.00,0.00,0.00,1.00,0.00,0.00,255,83,0.33,0.03,0.00,0.00,0.02,0.00,0.02,0.00,warezmaster,13,r2l,0
20736,0,tcp,private,S0,0,0,0,0,0,0,0,0,0,0,0,0,0,0,0,0,0,0,115,1,1.00,1.00,0.00,0.00,0.01,0.07,0.00,255,1,0.00,0.06,0.00,0.00,1.00,1.00,0.00,0.00,neptune,21,dos,0
2165,0,tcp,http,SF,241,1608,0,0,0,0,0,1,0,0,0,0,0,0,0,0,0,0,6,6,0.00,0.00,0.00,0.00,1.00,0.00,0.00,26,255,1.00,0.00,0.04,0.06,0.04,0.00,0.00,0.00,normal,21,normal,0
9997,0,tcp,http,SF,272,5259,0,0,0,0,0,1,0,0,0,0,0,0,0,0,0,0,10,10,0.00,0.00,0.00,0.00,1.00,0.00,0.00,255,255,1.00,0.00,0.00,0.00,0.00,0.00,0.00,0.00,normal,21,normal,0
4546,0,tcp,http,SF,293,3410,0,0,0,0,0,1,0,0,0,0,0,0,0,0,0,0,21,22,0.00,0.00,0.00,0.00,1.00,0.00,0.09,255,255,1.00,0.00,0.00,0.00,0.00,0.00,0.00,0.00,normal,21,normal,0
3923,0,udp,private,SF,1,0,0,0,0,0,0,0,0,0,0,0,0,0,0,0,0,0,113,5,0.00,0.00,0.00,0.00,0.04,0.87,0.00,255,5,0.02,0.97,1.00,0.00,0.00,0.00,0.00,0.00,normal,4,normal,0
3634,0,tcp,http,SF,205,1490,0,0,0,0,0,1,0,0,0,0,0,0,0,0,0,0,7,7,0.00,0.00,0.00,0.00,1.00,0.00,0.00,31,251,1.00,0.00,0.03,0.06,0.00,0.00,0.00,0.00,normal,21,normal,0
5212,0,udp,private,SF,1,1,0,0,0,0,0,0,0,0,0,0,0,0,0,0,0,0,102,1,0.00,0.00,0.00,0.00,0.01,0.96,0.00,255,1,0.00,0.84,1.00,0.00,0.00,0.00,0.00,0.00,satan,16,probe,0
12294,0,tcp,private,REJ,0,0,0,0,0,0,0,0,0,0,0,0,0,0,0,0,0,0,107,9,0.00,0.00,1.00,1.00,0.08,0.07,0.00,255,9,0.04,0.05,0.00,0.00,0.00,0.00,1.00,1.00,neptune,21,dos,0
22541,0,tcp,http,SF,54540,8314,0,0,0,2,0,1,1,0,0,0,0,0,0,0,0,0,5,10,0.00,0.00,0.00,0.00,1.00,0.00,0.20,255,255,1.00,0.00,0.00,0.00,0.00,0.00,0.07,0.07,back,15,dos,0
15025,1,tcp,smtp,SF,1276,432,0,0,0,0,0,1,0,0,0,0,0,0,0,0,0,0,1,2,0.00,0.00,0.00,0.00,1.00,0.00,1.00,90,35,0.39,0.06,0.01,0.00,0.00,0.00,0.00,0.00,normal,21,normal,0
4605,0,tcp,http,SF,297,5929,0,0,0,0,0,1,0,0,0,0,0,0,0,0,0,0,5,5,0.00,0.00,0.00,0.00,1.00,0.00,0.00,95,255,1.00,0.00,0.01,0.01,0.00,0.01,0.00,0.00,normal,21,normal,0
21289,0,tcp,private,S0,0,0,0,0,0,0,0,0,0,0,0,0,0,0,0,0,0,0,146,17,1.00,1.00,0.00,0.00,0.12,0.09,0.00,255,17,0.07,0.13,0.00,0.00,1.00,1.00,0.00,0.00,neptune,21,dos,0
11513,4,tcp,pop_3,SF,31,93,0,0,0,0,0,1,0,0,0,0,0,0,0,0,0,0,1,1,0.00,0.00,0.00,0.00,1.00,0.00,0.00,188,169,0.90,0.02,0.01,0.00,0.00,0.00,0.05,0.00,guess_passwd,11,r2l,0
21276,0,tcp,http,SF,321,11832,0,0,0,0,0,1,0,0,0,0,0,0,0,0,0,0,26,32,0.00,0.00,0.00,0.00,1.00,0.00,0.09,255,255,1.00,0.00,0.00,0.00,0.00,0.00,0.00,0.00,normal,21,normal,0
12135,0,tcp,ftp_data,SF,12,0,0,0,0,0,0,0,0,0,0,0,0,0,0,0,0,0,2,4,0.00,0.00,0.00,0.00,1.00,0.00,0.50,2,18,1.00,0.00,1.00,0.22,0.00,0.00,0.00,0.00,warezmaster,13,r2l,0
1402,0,udp,domain_u,SF,43,133,0,0,0,0,0,0,0,0,0,0,0,0,0,0,0,0,113,193,0.00,0.00,0.00,0.00,1.00,0.00,0.01,255,255,1.00,0.00,0.00,0.00,0.00,0.00,0.00,0.00,normal,18,normal,0
21599,0,tcp,http,SF,238,7986,0,0,0,0,0,1,0,0,0,0,0,0,0,0,0,0,6,30,0.00,0.00,0.00,0.00,1.00,0.00,0.10,15,255,1.00,0.00,0.07,0.01,0.00,0.00,0.00,0.00,normal,21,normal,0
19775,0,tcp,http,SF,298,8661,0,0,0,0,0,1,0,0,0,0,0,0,0,0,0,0,15,16,0.00,0.00,0.00,0.00,1.00,0.00,0.12,255,255,1.00,0.00,0.00,0.00,0.00,0.00,0.00,0.00,normal,21,normal,0
14655,0,tcp,private,S0,0,0,0,0,0,0,0,0,0,0,0,0,0,0,0,0,0,0,203,3,1.00,1.00,0.00,0.00,0.01,0.07,0.00,255,3,0.01,0.07,0.00,0.00,1.00,1.00,0.00,0.00,neptune,21,dos,0
13976,0,tcp,exec,RSTO,0,0,0,0,0,0,0,0,0,0,0,0,0,0,0,0,0,0,150,10,0.00,0.00,1.00,1.00,0.07,0.05,0.00,255,10,0.04,0.06,0.00,0.00,0.00,0.00,1.00,1.00,neptune,18,dos,0
10745,657,tcp,telnet,SF,648,21257,0,0,0,0,0,1,5,0,0,0,0,0,0,0,0,0,1,1,0.00,0.00,0.00,0.00,1.00,0.00,0.00,255,60,0.24,0.02,0.00,0.00,0.79,0.85,0.01,0.03,normal,11,normal,0
4617,0,tcp,private,S0,0,0,0,0,0,0,0,0,0,0,0,0,0,0,0,0,0,0,148,5,1.00,1.00,0.00,0.00,0.03,0.11,0.00,255,5,0.02,0.10,0.00,0.00,1.00,1.00,0.00,0.00,neptune,21,dos,0
10527,4,tcp,pop_3,SF,26,93,0,0,0,0,0,1,0,0,0,0,0,0,0,0,0,0,1,1,0.00,0.00,0.00,0.00,1.00,0.00,0.00,114,99,0.86,0.03,0.01,0.02,0.00,0.00,0.09,0.00,guess_passwd,7,r2l,0
1997,0,udp,private,SF,1,1,0,0,0,0,0,0,0,0,0,0,0,0,0,0,0,0,103,1,0.00,0.00,0.00,0.00,0.01,0.57,0.00,255,1,0.00,0.86,1.00,0.00,0.00,0.00,0.00,0.00,satan,16,probe,0
10238,0,tcp,telnet,SF,15,87,0,0,0,0,0,0,0,0,0,0,0,0,0,0,0,0,4,12,0.00,0.17,0.75,0.75,0.50,0.75,0.92,128,127,0.50,0.02,0.01,0.02,0.00,0.00,0.84,0.49,mscan,9,probe,1
3318,0,tcp,telnet,SF,126,174,0,0,0,0,1,0,0,0,0,0,0,0,0,0,0,0,1,1,0.00,0.00,0.00,0.00,1.00,0.00,0.00,255,161,0.63,0.02,0.00,0.00,0.00,0.00,0.02,0.02,guess_passwd,15,r2l,0
7530,8233,tcp,telnet,SF,0,15,0,0,0,0,0,0,0,0,0,0,0,0,0,0,0,0,1,1,0.00,0.00,0.00,0.00,1.00,0.00,0.00,255,3,0.01,0.87,0.00,0.00,0.00,0.00,0.85,0.00,processtable,12,dos,1
1971,0,tcp,http,SF,233,931,0,0,0,0,0,1,0,0,0,0,0,0,0,0,0,0,1,13,0.00,0.00,0.00,0.00,1.00,0.00,0.31,1,255,1.00,0.00,1.00,0.01,0.00,0.00,0.00,0.00,normal,21,normal,0
