row_id,duration,protocol_type,service,flag,src_bytes,dst_bytes,land,wrong_fragment,urgent,hot,num_failed_logins,logged_in,num_compromised,root_shell,su_attempted,num_root,num_file_creations,num_shells,num_access_files,num_outbound_cmds,is_host_login,is_guest_login,count,srv_count,serror_rate,srv_serror_rate,rerror_rate,srv_rerror_rate,same_srv_rate,diff_srv_rate,srv_diff_host_rate,dst_host_count,dst_host_srv_count,dst_host_same_srv_rate,dst_host_diff_srv_rate,dst_host_same_src_port_rate,dst_host_srv_diff_host_rate,dst_host_serror_rate,dst_host_srv_serror_rate,dst_host_rerror_rate,dst_host_srv_rerror_rate,category,novel_attack,attack_name,difficulty
17863,0,tcp,http,SF,313,53920,0,0,0,0,0,1,0,0,0,0,0,0,0,0,0,0,2,2,0.00,0.00,0.00,0.00,1.00,0.00,0.00,9,255,1.00,0.00,0.11,0.04,0.00,0.00,0.00,0.00,normal,0,normal,21
19375,0,tcp,http,SF,235,2301,0,0,0,0,0,1,0,0,0,0,0,0,0,0,0,0,18,18,0.00,0.00,0.00,0.00,1.00,0.00,0.00,117,255,1.00,0.00,0.01,0.04,0.00,0.00,0.00,0.00,normal,0,normal,21
10891,0,tcp,telnet,SF,121,174,0,0,0,0,1,0,0,0,0,0,0,0,0,0,0,0,1,1,0.00,0.00,0.00,0.00,1.00,0.00,0.00,255,255,1.00,0.00,0.00,0.00,0.01,0.01,0.02,0.02,r2l,0,guess_passwd,16
19366,0,tcp,private,REJ,0,0,0,0,0,0,0,0,0,0,0,0,0,0,0,0,0,0,132,20,0.00,0.00,1.00,1.00,0.15,0.05,0.00,255,20,0.08,0.06,0.00,0.00,0.00,0.00,1.00,1.00,dos,0,neptune,21
19956,0,tcp,whois,REJ,0,0,0,0,0,0,0,0,0,0,0,0,0,0,0,0,0,0,136,18,0.00,0.00,1.00,1.00,0.13,0.05,0.00,255,18,0.07,0.06,0.00,0.00,0.00,0.00,1.00,1.00,dos,0,neptune,18
20596,282,tcp,ftp,SF,160,597,0,0,0,2,0,1,0,0,0,0,0,0,0,0,0,1,1,1,0.00,0.00,0.00,0.00,1.00,0.00,0.00,164,78,0.48,0.02,0.01,0.00,0.00,0.00,0.00,0.00,r2l,0,warezmaster,12
5237,0,tcp,http,S2,54540,8315,0,0,0,0,0,1,0,0,0,0,0,0,0,0,0,0,4,4,0.50,0.50,0.00,0.00,1.00,0.00,0.00,255,255,1.00,0.00,0.00,0.00,0.01,0.01,0.05,0.05,dos,0,back,10
13906,0,tcp,http,SF,229,4331,0,0,0,0,0,1,0,0,0,0,0,0,0,0,0,0,1,23,0.00,0.00,0.00,0.00,1.00,0.00,0.39,2,243,1.00,0.00,0.50,0.07,0.00,0.00,0.00,0.00,normal,0,normal,21
18805,0,tcp,telnet,REJ,0,0,0,0,0,0,0,0,0,0,0,0,0,0,0,0,0,0,1,9,0.00,0.00,1.00,0.89,1.00,0.00,0.89,117,84,0.32,0.04,0.01,0.02,0.00,0.00,0.91,0.71,probe,1,mscan,12
398,0,tcp,http,SF,234,1905,0,0,0,0,0,1,0,0,0,0,0,0,0,0,0,0,4,4,0.00,0.00,0.00,0.00,1.00,0.00,0.00,34,255,1.00,0.00,0.03,0.01,0.00,0.00,0.00,0.00,normal,0,normal,21
9004,0,udp,domain_u,SF,44,44,0,0,0,0,0,0,0,0,0,0,0,0,0,0,0,0,2,5,0.00,0.00,0.00,0.00,1.00,0.00,0.60,255,236,0.93,0.01,0.01,0.00,0.00,0.00,0.00,0.00,normal,0,normal,21
21241,0,tcp,iso_tsap,S0,0,0,0,0,0,0,0,0,0,0,0,0,0,0,0,0,0,0,290,15,1.00,1.00,0.00,0.00,0.05,0.06,0.00,255,15,0.06,0.06,0.00,0.00,1.00,1.00,0.00,0.00,dos,0,neptune,20
8854,0,udp,private,SF,53,53,0,0,0,0,0,0,0,0,0,0,0,0,0,0,0,0,511,511,0.00,0.00,0.00,0.00,1.00,0.00,0.00,255,255,1.00,0.00,0.92,0.00,0.00,0.00,0.00,0.00,normal,0,normal,17
13093,280,tcp,ftp_data,SF,283618,0,0,0,0,0,0,0,0,0,0,0,0,0,0,0,0,0,2,2,0.00,0.00,0.00,0.00,1.00,0.00,0.00,6,14,1.00,0.00,1.00,0.14,0.00,0.00,0.00,0.00,r2l,0,warezmaster,18
12679,1,tcp,smtp,SF,2599,293,0,0,0,0,0,1,0,0,0,0,0,0,0,0,0,0,3,2,0.00,0.00,0.33,0.00,0.67,0.67,0.00,255,243,0.95,0.05,0.00,0.00,0.00,0.00,0.04,0.00,dos,1,mailbomb,17
13304,0,tcp,http,SF,301,1156,0,0,0,0,0,1,0,0,0,0,0,0,0,0,0,0,1,2,0.00,0.00,0.00,0.00,1.00,0.00,1.00,4,255,1.00,0.00,0.25,0.02,0.00,0.00,0.00,0.00,normal,0,normal,21
11557,0,tcp,http,SF,299,1380,0,0,0,0,0,1,0,0,0,0,0,0,0,0,0,0,3,21,0.00,0.00,0.00,0.00,1.00,0.00,0.10,255,204,0.80,0.14,0.00,0.00,0.00,0.00,0.13,0.00,normal,0,normal,18
3106,0,tcp,http,SF,349,1213,0,0,0,0,0,1,0,0,0,0,0,0,0,0,0,0,6,6,0.00,0.00,0.00,0.00,1.00,0.00,0.00,255,255,1.00,0.00,0.00,0.00,0.00,0.00,0.00,0.00,normal,0,normal,21
189,0,tcp,private,REJ,0,0,0,0,0,0,0,0,0,0,0,0,0,0,0,0,0,0,139,17,0.00,0.00,1.00,1.00,0.12,0.06,0.00,255,17,0.07,0.06,0.00,0.00,0.00,0.00,1.00,1.00,dos,0,neptune,21
22120,0,tcp,http,SF,244,5474,0,0,0,0,0,1,0,0,0,0,0,0,0,0,0,0,7,7,0.00,0.00,0.00,0.00,1.00,0.00,0.00,222,255,1.00,0.00,0.00,0.02,0.00,0.00,0.00,0.00,normal,0,normal,21
17377,0,tcp,http,SF,235,12755,0,0,0,0,0,1,0,0,0,0,0,0,0,0,0,0,2,2,0.00,0.00,0.00,0.00,1.00,0.00,0.00,2,255,1.00,0.00,0.50,0.07,0.00,0.00,0.00,0.00,normal,0,normal,21
5809,7268,tcp,telnet,SF,0,44,0,0,0,0,0,0,0,0,0,0,0,0,0,0,0,0,1,1,0.00,0.00,0.00,0.00,1.00,0.00,0.00,255,246,0.96,0.02,0.00,0.00,0.33,0.35,0.04,0.02,dos,1,processtable,19
20062,902,tcp,http,RSTR,62344,0,0,0,0,0,0,1,0,0,0,0,0,0,0,0,0,0,89,89,0.01,0.01,0.98,0.98,1.00,0.00,0.00,255,255,1.00,0.00,0.00,0.00,0.00,0.00,0.34,0.34,dos,1,apache2,15
12771,0,tcp,http,SF,154,11658,0,0,0,0,0,1,0,0,0,0,0,0,0,0,0,0,1,2,0.00,0.00,0.00,0.00,1.00,0.00,1.00,255,255,1.00,0.00,0.00,0.00,0.00,0.00,0.00,0.00,normal,0,normal,21
9043,0,tcp,private,SH,0,0,0,0,0,0,0,0,0,0,0,0,0,0,0,0,0,0,1,1,1.00,1.00,0.00,0.00,1.00,0.00,0.00,196,1,0.01,1.00,0.99,0.00,0.99,1.00,0.00,0.00,probe,0,nmap,18
9827,0,tcp,other,REJ,0,0,0,0,0,0,0,0,0,0,0,0,0,0,0,0,0,0,469,1,0.15,0.00,0.85,1.00,0.00,1.00,0.00,255,1,0.00,0.98,0.00,0.00,0.13,0.00,0.87,1.00,probe,0,satan,18
5879,0,udp,private,SF,44,0,0,0,0,0,0,0,0,0,0,0,0,0,0,0,0,0,5,5,0.00,0.00,0.00,0.00,1.00,0.00,0.00,255,254,1.00,0.01,0.01,0.00,0.00,0.00,0.00,0.00,r2l,1,snmpguess,14
21879,0,udp,domain_u,SF,46,46,0,0,0,0,0,0,0,0,0,0,0,0,0,0,0,0,213,213,0.00,0.00,0.00,0.00,1.00,0.00,0.00,255,246,0.96,0.01,0.00,0.00,0.00,0.00,0.00,0.00,normal,0,normal,18
3751,0,tcp,imap4,REJ,0,0,0,0,0,0,0,0,0,0,0,0,0,0,0,0,0,0,3,3,0.00,0.00,0.67,1.00,0.33,0.67,1.00,255,21,0.08,0.40,0.00,0.00,0.00,0.00,0.17,1.00,probe,1,mscan,14
10959,0,tcp,other,S0,0,0,0,0,0,0,0,0,0,0,0,0,0,0,0,0,0,0,497,1,0.02,1.00,0.97,0.00,0.00,1.00,0.00,255,1,0.00,1.00,0.00,0.00,0.05,1.00,0.95,0.00,probe,0,satan,20
8678,0,tcp,http,SF,252,642,0,0,0,0,0,1,0,0,0,0,0,0,0,0,0,0,3,4,0.00,0.00,0.00,0.00,1.00,0.00,0.50,19,255,1.00,0.00,0.05,0.03,0.00,0.00,0.00,0.00,normal,0,normal,21
5163,0,udp,domain_u,SF,44,44,0,0,0,0,0,0,0,0,0,0,0,0,0,0,0,0,4,6,0.00,0.00,0.00,0.00,1.00,0.00,0.33,255,253,0.99,0.01,0.01,0.00,0.00,0.00,0.00,0.00,normal,0,normal,21
7014,0,tcp,http,SF,202,3361,0,0,0,0,0,1,0,0,0,0,0,0,0,0,0,0,5,5,0.00,0.00,0.00,0.00,1.00,0.00,0.00,37,243,1.00,0.00,0.03,0.03,0.00,0.00,0.00,0.00,normal,0,normal,21
14139,0,tcp,private,REJ,0,0,0,0,0,0,0,0,0,0,0,0,0,0,0,0,0,0,274,6,0.00,0.00,1.00,1.00,0.02,0.06,0.00,255,6,0.02,0.07,0.00,0.00,0.00,0.00,1.00,1.00,dos,0,neptune,21
22190,0,icmp,ecr_i,SF,1008,0,0,0,0,0,0,0,0,0,0,0,0,0,0,0,0,0,213,213,0.00,0.00,0.00,0.00,1.00,0.00,0.00,255,255,1.00,0.00,1.00,0.00,0.00,0.00,0.00,0.00,dos,0,smurf,18
9829,0,tcp,klogin,REJ,0,0,0,0,0,0,0,0,0,0,0,0,0,0,0,0,0,0,143,4,0.00,0.00,1.00,1.00,0.03,0.06,0.00,255,4,0.02,0.06,0.00,0.00,0.00,0.00,1.00,1.00,dos,0,neptune,19
7283,0,tcp,other,REJ,0,0,0,0,0,0,0,0,0,0,0,0,0,0,0,0,0,0,481,1,0.09,0.00,0.91,1.00,0.00,1.00,0.00,255,1,0.00,1.00,0.00,0.00,0.07,0.00,0.93,1.00,probe,0,satan,20
14121,0,tcp,http,SF,221,18217,0,0,0,0,0,1,0,0,0,0,0,0,0,0,0,0,8,8,0.00,0.00,0.00,0.00,1.00,0.00,0.00,255,255,1.00,0.00,0.00,0.00,0.00,0.00,0.00,0.00,normal,0,normal,21
3053,0,tcp,http,SF,310,596,0,0,0,0,0,1,0,0,0,0,0,0,0,0,0,0,1,2,0.00,0.00,0.00,0.00,1.00,0.00,1.00,12,255,1.00,0.00,0.08,0.03,0.00,0.00,0.00,0.00,normal,0,normal,21
1843,0,icmp,ecr_i,SF,1008,0,0,0,0,0,0,0,0,0,0,0,0,0,0,0,0,0,220,220,0.00,0.00,0.00,0.00,1.00,0.00,0.00,255,255,1.00,0.00,1.00,0.00,0.00,0.00,0.00,0.00,dos,0,smurf,18
20669,0,icmp,ecr_i,SF,1032,0,0,0,0,0,0,0,0,0,0,0,0,0,0,0,0,0,511,511,0.00,0.00,0.00,0.00,1.00,0.00,0.00,255,179,0.70,0.01,0.70,0.00,0.00,0.00,0.00,0.00,dos,0,smurf,19
11601,0,tcp,http,SF,333,31171,0,0,0,0,0,1,0,0,0,0,0,0,0,0,0,0,2,2,0.00,0.00,0.00,0.00,1.00,0.00,0.00,82,246,1.00,0.00,0.01,0.03,0.00,0.00,0.00,0.00,normal,0,normal,21
20093,0,tcp,http,SF,181,11444,0,0,0,0,0,1,0,0,0,0,0,0,0,0,0,0,6,6,0.00,0.00,0.00,0.00,1.00,0.00,0.00,45,255,1.00,0.00,0.02,0.04,0.00,0.00,0.00,0.00,normal,0,normal,21
5894,0,udp,private,SF,55,52,0,0,0,0,0,0,0,0,0,0,0,0,0,0,0,0,250,250,0.00,0.00,0.00,0.00,1.00,0.00,0.00,255,255,1.00,0.00,0.93,0.00,0.00,0.00,0.00,0.00,normal,0,normal,17
15778,0,tcp,ftp_data,SF,7233,0,0,0,0,0,0,0,0,0,0,0,0,0,0,0,0,0,16,16,0.00,0.00,0.00,0.00,1.00,0.00,0.00,33,110,0.82,0.06,0.82,0.02,0.00,0.00,0.00,0.00,normal,0,normal,21
17627,0,tcp,private,REJ,0,0,0,0,0,0,0,0,0,0,0,0,0,0,0,0,0,0,237,14,0.00,0.00,1.00,1.00,0.06,0.07,0.00,255,14,0.05,0.08,0.00,0.00,0.00,0.00,1.00,1.00,dos,0,neptune,21
13159,0,tcp,http,SF,244,306,0,0,0,0,0,1,0,0,0,0,0,0,0,0,0,0,2,5,0.00,0.00,0.00,0.00,1.00,0.00,0.80,23,255,1.00,0.00,0.04,0.01,0.00,0.00,0.00,0.00,normal,0,normal,21
13914,0,tcp,private,REJ,0,0,0,0,0,0,0,0,0,0,0,0,0,0,0,0,0,0,233,11,0.00,0.00,1.00,1.00,0.05,0.07,0.00,255,11,0.04,0.08,0.00,0.00,0.00,0.00,1.00,1.00,dos,0,neptune,21
6639,0,tcp,http,SF,237,198,0,0,0,0,0,1,0,0,0,0,0,0,0,0,0,0,1,1,0.00,0.00,0.00,0.00,1.00,0.00,0.00,115,255,1.00,0.00,0.01,0.02,0.00,0.00,0.00,0.00,normal,0,normal,21
3572,0,tcp,private,S0,0,0,0,0,0,0,0,0,0,0,0,0,0,0,0,0,0,0,130,19,1.00,1.00,0.00,0.00,0.15,0.07,0.00,255,19,0.07,0.06,0.00,0.00,1.00,1.00,0.00,0.00,dos,0,neptune,21
15766,0,tcp,courier,REJ,0,0,0,0,0,0,0,0,0,0,0,0,0,0,0,0,0,0,148,17,0.00,0.00,1.00,1.00,0.11,0.05,0.00,255,17,0.07,0.05,0.00,0.00,0.00,0.00,1.00,1.00,dos,0,neptune,18
10068,281,tcp,ftp_data,SF,283618,0,0,0,0,0,0,0,0,0,0,0,0,0,0,0,0,0,2,2,0.00,0.00,0.00,0.00,1.00,0.00,0.00,47,63,0.04,0.11,0.04,0.03,0.00,0.00,0.00,0.00,r2l,0,warezmaster,3
19817,0,tcp,private,REJ,0,0,0,0,0,0,0,0,0,0,0,0,0,0,0,0,0,0,120,11,0.00,0.00,1.00,1.00,0.09,0.08,0.00,255,11,0.04,0.07,0.00,0.00,0.00,0.00,1.00,1.00,dos,0,neptune,21
21009,3,tcp,pop_3,SF,30,93,0,0,0,0,0,1,0,0,0,0,0,0,0,0,0,0,1,1,0.00,0.00,0.00,0.00,1.00,0.00,0.00,255,248,0.97,0.01,0.00,0.00,0.00,0.00,0.01,0.00,r2l,0,guess_passwd,18
1944,0,udp,domain_u,SF,44,139,0,0,0,0,0,0,0,0,0,0,0,0,0,0,0,0,142,222,0.00,0.00,0.00,0.00,0.99,0.01,0.01,255,254,1.00,0.01,0.00,0.00,0.00,0.00,0.00,0.00,normal,0,normal,18
6219,0,tcp,private,S0,0,0,0,0,0,0,0,0,0,0,0,0,0,0,0,0,0,0,108,19,1.00,1.00,0.00,0.00,0.18,0.06,0.00,8,6,0.75,0.25,0.12,0.00,1.00,1.00,0.00,0.00,dos,0,neptune,18
10908,0,tcp,private,REJ,0,0,0,0,0,0,0,0,0,0,0,0,0,0,0,0,0,0,134,16,0.00,0.00,1.00,1.00,0.12,0.06,0.00,255,16,0.06,0.06,0.00,0.00,0.00,0.00,1.00,1.00,dos,0,neptune,21
11403,0,tcp,http,SF,372,361,0,0,0,0,0,1,0,0,0,0,0,0,0,0,0,0,20,20,0.00,0.00,0.00,0.00,1.00,0.00,0.00,255,255,1.00,0.00,0.00,0.00,0.00,0.00,0.00,0.00,normal,0,normal,21
20174,905,tcp,http,RSTR,60884,0,0,0,0,0,0,1,0,0,0,0,0,0,0,0,0,0,50,50,0.02,0.02,0.96,0.96,1.00,0.00,0.00,255,255,1.00,0.00,0.00,0.00,0.00,0.00,0.19,0.19,dos,1,apache2,15
3770,0,tcp,telnet,SF,123,174,0,0,0,0,1,0,0,0,0,0,0,0,0,0,0,0,1,1,0.00,0.00,0.00,0.00,1.00,0.00,0.00,255,19,0.07,0.02,0.00,0.00,0.00,0.00,0.00,0.05,r2l,0,guess_passwd,8
3101,0,udp,domain_u,SF,33,88,0,0,0,0,0,0,0,0,0,0,0,0,0,0,0,0,3,10,0.00,0.00,0.00,0.00,0.67,0.67,0.40,4,4,1.00,0.00,0.50,0.00,0.00,0.00,0.00,0.00,normal,0,normal,21
8453,0,icmp,ecr_i,SF,520,0,0,0,0,0,0,0,0,0,0,0,0,0,0,0,0,0,54,54,0.00,0.00,0.00,0.00,1.00,0.00,0.00,255,255,1.00,0.00,1.00,0.00,0.00,0.00,0.00,0.00,dos,0,smurf,18
18769,0,tcp,http,SF,297,2729,0,0,0,0,0,1,0,0,0,0,0,0,0,0,0,0,48,48,0.00,0.00,0.00,0.00,1.00,0.00,0.00,255,255,1.00,0.00,0.00,0.00,0.00,0.00,0.00,0.00,normal,0,normal,21
12379,0,tcp,private,S0,0,0,0,0,0,0,0,0,0,0,0,0,0,0,0,0,0,0,182,1,1.00,1.00,0.00,0.00,0.01,0.07,0.00,255,1,0.00,0.06,0.00,0.00,1.00,1.00,0.00,0.00,dos,0,neptune,21
16799,6103,tcp,IRC,RSTR,583,7308,0,0,0,0,0,0,0,0,0,0,0,0,0,0,0,0,2,1,0.00,0.00,0.50,1.00,0.50,1.00,0.00,46,20,0.43,0.04,0.02,0.00,0.00,0.00,0.26,0.60,normal,0,normal,20
18965,0,tcp,private,REJ,0,0,0,0,0,0,0,0,0,0,0,0,0,0,0,0,0,0,219,13,0.00,0.00,1.00,1.00,0.06,0.05,0.00,255,13,0.05,0.05,0.00,0.00,0.00,0.00,1.00,1.00,dos,0,neptune,21
4162,1,tcp,smtp,SF,2599,293,0,0,0,0,0,1,0,0,0,0,0,0,0,0,0,0,2,2,0.00,0.00,0.00,0.00,1.00,0.00,0.00,255,77,0.30,0.14,0.00,0.00,0.00,0.00,0.68,0.00,dos,1,mailbomb,11
16116,0,tcp,efs,REJ,0,0,0,0,0,0,0,0,0,0,0,0,0,0,0,0,0,0,97,4,0.00,0.00,1.00,1.00,0.04,0.07,0.00,255,4,0.02,0.06,0.00,0.00,0.00,0.00,1.00,1.00,dos,0,neptune,18
14542,0,tcp,private,S0,0,0,0,0,0,0,0,0,0,0,0,0,0,0,0,0,0,0,104,2,1.00,1.00,0.00,0.00,0.02,0.08,0.00,255,2,0.01,0.06,0.00,0.00,1.00,1.00,0.00,0.00,dos,0,neptune,21
10071,0,tcp,private,S0,0,0,0,0,0,0,0,0,0,0,0,0,0,0,0,0,0,0,163,11,1.00,1.00,0.00,0.00,0.07,0.09,0.00,255,11,0.04,0.08,0.00,0.00,1.00,1.00,0.00,0.00,dos,0,neptune,21
2555,0,tcp,http,SF,294,3091,0,0,0,0,0,1,0,0,0,0,0,0,0,0,0,0,5,5,0.00,0.00,0.00,0.00,1.00,0.00,0.00,5,255,1.00,0.00,0.20,0.04,0.00,0.00,0.00,0.00,normal,0,normal,21
11010,0,tcp,http,REJ,0,0,0,0,0,0,0,0,0,0,0,0,0,0,0,0,0,0,41,14,0.00,0.00,1.00,1.00,0.34,0.10,0.00,255,57,0.22,0.11,0.00,0.00,0.00,0.00,0.99,1.00,dos,0,neptune,17
21592,0,tcp,http,SF,202,674,0,0,0,0,0,1,0,0,0,0,0,0,0,0,0,0,1,1,0.00,0.00,0.00,0.00,1.00,0.00,0.00,1,255,1.00,0.00,1.00,0.02,0.00,0.00,0.00,0.00,normal,0,normal,21
8494,0,tcp,pop_3,SF,30,217,0,0,0,0,0,1,0,0,0,0,0,0,0,0,0,0,8,1,0.00,0.00,0.00,0.00,0.12,0.25,0.00,161,14,0.09,0.03,0.01,0.00,0.00,0.00,0.00,0.00,r2l,0,guess_passwd,7
6475,0,tcp,private,REJ,0,0,0,0,0,0,0,0,0,0,0,0,0,0,0,0,0,0,5,1,0.00,0.00,1.00,1.00,0.20,1.00,0.00,14,1,0.07,0.57,0.36,0.00,0.00,0.00,0.36,1.00,probe,0,portsweep,15
16349,0,tcp,name,REJ,0,0,0,0,0,0,0,0,0,0,0,0,0,0,0,0,0,0,281,19,0.00,0.00,1.00,1.00,0.07,0.06,0.00,255,19,0.07,0.07,0.00,0.00,0.00,0.00,1.00,1.00,dos,0,neptune,20
19134,0,tcp,other,REJ,0,0,0,0,0,0,0,0,0,0,0,0,0,0,0,0,0,0,511,1,0.11,0.00,0.89,1.00,0.00,1.00,0.00,255,1,0.00,1.00,0.00,0.00,0.06,0.00,0.94,1.00,probe,0,satan,20
7695,0,tcp,telnet,SF,120,174,0,0,0,0,1,0,0,0,0,0,0,0,0,0,0,0,1,1,0.00,0.00,0.00,0.00,1.00,0.00,0.00,255,254,1.00,0.01,0.00,0.00,0.02,0.02,0.02,0.02,r2l,0,guess_passwd,15
6118,0,tcp,ftp_data,SF,12,0,0,0,0,0,0,0,0,0,0,0,0,0,0,0,0,0,2,2,0.00,0.00,0.00,0.00,1.00,0.00,0.00,7,8,0.86,0.29,0.86,0.25,0.00,0.00,0.00,0.00,r2l,0,warezmaster,6
20993,0,tcp,private,REJ,0,0,0,0,0,0,0,0,0,0,0,0,0,0,0,0,0,0,225,10,0.00,0.00,1.00,1.00,0.04,0.07,0.00,255,10,0.04,0.07,0.00,0.00,0.00,0.00,1.00,1.00,dos,0,neptune,21
12059,0,tcp,http,SF,300,3389,0,0,0,0,0,1,0,0,0,0,0,0,0,0,0,0,11,11,0.00,0.00,0.00,0.00,1.00,0.00,0.00,21,230,1.00,0.00,0.05,0.01,0.00,0.00,0.00,0.00,normal,0,normal,21
18803,0,tcp,http,SF,304,888,0,0,0,0,0,1,0,0,0,0,0,0,0,0,0,0,6,6,0.00,0.00,0.00,0.00,1.00,0.00,0.00,192,255,1.00,0.00,0.01,0.01,0.00,0.00,0.00,0.00,normal,0,normal,21
912,0,tcp,http,SF,294,1825,0,0,0,0,0,1,0,0,0,0,0,0,0,0,0,0,5,22,0.00,0.00,0.00,0.00,1.00,0.00,0.14,5,255,1.00,0.00,0.20,0.03,0.00,0.00,0.00,0.00,normal,0,normal,21
15027,0,tcp,http,SF,332,6328,0,0,0,0,0,1,0,0,0,0,0,0,0,0,0,0,18,35,0.00,0.00,0.00,0.00,1.00,0.00,0.09,255,255,1.00,0.00,0.00,0.00,0.00,0.00,0.00,0.00,normal,0,normal,21
17745,0,tcp,http,SF,209,1471,0,0,0,0,0,1,0,0,0,0,0,0,0,0,0,0,5,6,0.00,0.00,0.00,0.00,1.00,0.00,0.33,72,255,1.00,0.00,0.01,0.01,0.00,0.00,0.00,0.00,normal,0,normal,21
13775,0,udp,private,SF,49,0,0,0,0,0,0,0,0,0,0,0,0,0,0,0,0,0,3,3,0.00,0.00,0.00,0.00,1.00,0.00,0.00,255,254,1.00,0.01,0.00,0.00,0.00,0.00,0.00,0.00,r2l,1,snmpguess,16
18492,0,tcp,private,REJ,0,0,0,0,0,0,0,0,0,0,0,0,0,0,0,0,0,0,203,4,0.00,0.00,1.00,1.00,0.02,0.07,0.00,255,4,0.02,0.07,0.00,0.00,0.00,0.00,1.00,1.00,dos,0,neptune,21
9312,3,tcp,telnet,SF,24,109,0,0,0,0,0,0,0,0,0,0,0,0,0,0,0,0,3,4,0.00,0.00,0.67,0.50,0.33,1.00,1.00,224,84,0.33,0.02,0.00,0.02,0.00,0.00,0.89,0.68,probe,1,mscan,10
1474,0,icmp,ecr_i,SF,1032,0,0,0,0,0,0,0,0,0,0,0,0,0,0,0,0,0,252,252,0.00,0.00,0.00,0.00,1.00,0.00,0.00,255,255,1.00,0.00,1.00,0.00,0.00,0.00,0.00,0.00,dos,0,smurf,19
13700,0,tcp,rje,REJ,0,0,0,0,0,0,0,0,0,0,0,0,0,0,0,0,0,0,275,10,0.00,0.00,1.00,1.00,0.04,0.05,0.00,255,10,0.04,0.06,0.00,0.00,0.00,0.00,1.00,1.00,dos,0,neptune,21
20754,0,tcp,private,REJ,0,0,0,0,0,0,0,0,0,0,0,0,0,0,0,0,0,0,138,10,0.00,0.00,1.00,1.00,0.07,0.06,0.00,255,10,0.04,0.05,0.00,0.00,0.00,0.00,1.00,1.00,dos,0,neptune,21
1486,0,icmp,ecr_i,SF,508,0,0,0,0,0,0,0,0,0,0,0,0,0,0,0,0,0,35,35,0.00,0.00,0.00,0.00,1.00,0.00,0.00,255,255,1.00,0.00,1.00,0.00,0.00,0.00,0.00,0.00,dos,0,smurf,18
9835,0,tcp,private,REJ,0,0,0,0,0,0,0,0,0,0,0,0,0,0,0,0,0,0,136,1,0.00,0.00,1.00,1.00,0.01,0.07,0.00,255,1,0.00,0.06,0.00,0.00,0.00,0.00,1.00,1.00,dos,0,neptune,21
19544,0,tcp,ftp_data,SF,1342,0,0,0,0,0,0,0,0,0,0,0,0,0,0,0,0,0,5,5,0.00,0.00,0.00,0.00,1.00,0.00,0.00,122,37,0.09,0.04,0.09,0.05,0.00,0.00,0.02,0.00,normal,0,normal,21
13974,0,icmp,ecr_i,SF,1008,0,0,0,0,0,0,0,0,0,0,0,0,0,0,0,0,0,113,113,0.00,0.00,0.00,0.00,1.00,0.00,0.00,255,255,1.00,0.00,1.00,0.00,0.00,0.00,0.00,0.00,dos,0,smurf,18
14415,0,udp,private,SF,105,146,0,0,0,0,0,0,0,0,0,0,0,0,0,0,0,0,4,4,0.00,0.00,0.00,0.00,1.00,0.00,0.00,255,255,1.00,0.00,0.00,0.00,0.00,0.00,0.00,0.00,normal,0,normal,18
4130,0,tcp,private,REJ,0,0,0,0,0,0,0,0,0,0,0,0,0,0,0,0,0,0,128,15,0.00,0.00,1.00,1.00,0.12,0.06,0.00,255,15,0.06,0.06,0.00,0.00,0.00,0.00,1.00,1.00,dos,0,neptune,21
6035,0,tcp,private,RSTO,0,0,0,0,0,0,0,0,0,0,0,0,0,0,0,0,0,0,103,6,0.00,0.00,1.00,1.00,0.06,0.07,0.00,255,6,0.02,0.06,0.00,0.00,0.00,0.00,1.00,1.00,dos,0,neptune,21
12904,0,tcp,telnet,S0,0,0,0,0,0,0,0,0,0,0,0,0,0,0,0,0,0,0,200,1,1.00,1.00,0.00,0.00,0.00,0.06,0.00,255,1,0.00,0.07,0.00,0.00,1.00,1.00,0.00,0.00,dos,0,neptune,20
6521,0,tcp,http,SF,455,6194,0,0,0,0,0,1,0,0,0,0,0,0,0,0,0,0,3,9,0.00,0.00,0.00,0.00,1.00,0.00,0.22,255,255,1.00,0.00,0.00,0.00,0.00,0.00,0.00,0.00,normal,0,normal,21
5329,0,tcp,http,SF,221,2964,0,0,0,0,0,1,0,0,0,0,0,0,0,0,0,0,11,11,0.00,0.00,0.00,0.00,1.00,0.00,0.00,255,255,1.00,0.00,0.00,0.00,0.00,0.00,0.00,0.00,normal,0,normal,21
18566,0,tcp,whois,REJ,0,0,0,0,0,0,0,0,0,0,0,0,0,0,0,0,0,0,211,16,0.00,0.00,1.00,1.00,0.08,0.06,0.00,255,16,0.06,0.06,0.00,0.00,0.00,0.00,1.00,1.00,dos,0,neptune,18
2093,0,udp,private,SF,52,53,0,0,0,0,0,0,0,0,0,0,0,0,0,0,0,0,506,506,0.00,0.00,0.00,0.00,1.00,0.00,0.00,255,254,1.00,0.01,0.76,0.00,0.00,0.00,0.00,0.00,normal,0,normal,17
18226,5,tcp,pop_3,SF,32,93,0,0,0,0,0,1,0,0,0,0,0,0,0,0,0,0,1,1,0.00,0.00,0.00,0.00,1.00,0.00,0.00,1,4,1.00,0.00,1.00,0.75,0.00,0.00,0.00,0.00,r2l,0,guess_passwd,8
2390,0,icmp,ecr_i,SF,1032,0,0,0,0,0,0,0,0,0,0,0,0,0,0,0,0,0,510,510,0.00,0.00,0.00,0.00,1.00,0.00,0.00,92,75,0.82,0.02,0.82,0.00,0.00,0.00,0.01,0.00,dos,0,smurf,18
12381,0,tcp,ftp_data,SF,12,0,0,0,0,0,0,0,0,0,0,0,0,0,0,0,0,0,1,1,0.00,0.00,0.00,0.00,1.00,0.00,0.00,28,5,0.18,0.07,0.18,0.00,0.00,0.00,0.00,0.00,r2l,0,warezmaster,7
13676,0,udp,domain_u,SF,44,130,0,0,0,0,0,0,0,0,0,0,0,0,0,0,0,0,70,150,0.00,0.00,0.00,0.00,0.99,0.03,0.01,255,236,0.93,0.01,0.00,0.00,0.00,0.00,0.00,0.00,normal,0,normal,20
357,0,udp,domain_u,SF,46,46,0,0,0,0,0,0,0,0,0,0,0,0,0,0,0,0,127,200,0.00,0.00,0.00,0.00,0.99,0.02,0.01,255,254,1.00,0.01,0.01,0.00,0.00,0.00,0.00,0.00,normal,0,normal,18
22492,0,tcp,http,SF,246,332,0,0,0,0,0,1,0,0,0,0,0,0,0,0,0,0,3,3,0.00,0.00,0.00,0.00,1.00,0.00,0.00,238,255,1.00,0.00,0.00,0.01,0.00,0.00,0.00,0.00,normal,0,normal,21
5369,0,tcp,http,SF,219,14497,0,0,0,0,0,1,0,0,0,0,0,0,0,0,0,0,4,25,0.00,0.00,0.00,0.00,1.00,0.00,0.12,255,255,1.00,0.00,0.00,0.00,0.00,0.00,0.00,0.00,normal,0,normal,21
9857,0,icmp,ecr_i,SF,1008,0,0,0,0,0,0,0,0,0,0,0,0,0,0,0,0,0,175,175,0.00,0.00,0.00,0.00,1.00,0.00,0.00,255,255,1.00,0.00,1.00,0.00,0.00,0.00,0.00,0.00,dos,0,smurf,18
22406,0,tcp,http,SF,346,9702,0,0,0,0,0,1,0,0,0,0,0,0,0,0,0,0,9,9,0.00,0.00,0.00,0.00,1.00,0.00,0.00,255,255,1.00,0.00,0.00,0.00,0.00,0.00,0.00,0.00,normal,0,normal,21
22254,0,tcp,http,SF,218,180,0,0,0,0,0,1,0,0,0,0,0,0,0,0,0,0,19,21,0.00,0.00,0.00,0.00,1.00,0.00,0.14,255,255,1.00,0.00,0.00,0.00,0.00,0.00,0.00,0.00,normal,0,normal,21
4610,4,tcp,pop_3,SF,28,93,0,0,0,0,0,1,0,0,0,0,0,0,0,0,0,0,2,1,0.00,0.00,0.00,0.00,0.50,1.00,0.00,255,246,0.96,0.02,0.00,0.00,0.00,0.00,0.00,0.00,r2l,0,guess_passwd,17
535,0,tcp,private,REJ,0,0,0,0,0,0,0,0,0,0,0,0,0,0,0,0,0,0,113,2,0.00,0.00,1.00,1.00,0.02,0.06,0.00,255,2,0.01,0.05,0.00,0.00,0.00,0.00,1.00,1.00,dos,0,neptune,21
9556,0,tcp,private,REJ,0,0,0,0,0,0,0,0,0,0,0,0,0,0,0,0,0,0,207,5,0.00,0.00,1.00,1.00,0.02,0.07,0.00,255,5,0.02,0.08,0.00,0.00,0.00,0.00,1.00,1.00,dos,0,neptune,21
6403,0,tcp,http,SF,322,10648,0,0,0,0,0,1,0,0,0,0,0,0,0,0,0,0,1,4,0.00,0.00,0.00,0.00,1.00,0.00,0.75,255,255,1.00,0.00,0.00,0.00,0.00,0.00,0.00,0.00,normal,0,normal,21
13639,8124,tcp,telnet,SF,0,15,0,0,0,0,0,0,0,0,0,0,0,0,0,0,0,0,1,1,0.00,0.00,0.00,0.00,1.00,0.00,0.00,255,80,0.31,0.02,0.00,0.00,0.68,0.57,0.01,0.03,dos,1,processtable,17
7863,0,tcp,http,SF,243,1379,0,0,0,0,0,1,0,0,0,0,0,0,0,0,0,0,8,8,0.00,0.00,0.00,0.00,1.00,0.00,0.00,172,255,1.00,0.00,0.01,0.01,0.00,0.00,0.00,0.00,normal,0,normal,21
8936,0,tcp,http,SF,216,35014,0,0,0,0,0,1,0,0,0,0,0,0,0,0,0,0,1,1,0.00,0.00,0.00,0.00,1.00,0.00,0.00,132,255,1.00,0.00,0.01,0.05,0.00,0.00,0.00,0.00,normal,0,normal,21
3343,0,tcp,http,S0,0,0,0,0,0,0,0,0,0,0,0,0,0,0,0,0,0,0,60,60,1.00,1.00,0.00,0.00,1.00,0.00,0.00,255,255,1.00,0.00,0.00,0.00,0.31,0.31,0.68,0.68,dos,1,apache2,16
17206,0,tcp,login,S0,0,0,0,0,0,0,0,0,0,0,0,0,0,0,0,0,0,0,31,1,1.00,1.00,0.00,0.00,0.03,0.23,0.00,255,1,0.00,0.17,0.00,0.00,1.00,1.00,0.00,0.00,dos,0,neptune,18
9035,0,tcp,http,SF,227,2250,0,0,0,0,0,1,0,0,0,0,0,0,0,0,0,0,34,34,0.00,0.00,0.00,0.00,1.00,0.00,0.00,102,255,1.00,0.00,0.01,0.02,0.00,0.00,0.00,0.00,normal,0,normal,21
19746,0,tcp,http,SF,301,2988,0,0,0,0,0,1,0,0,0,0,0,0,0,0,0,0,7,16,0.00,0.00,0.00,0.00,1.00,0.00,0.12,255,255,1.00,0.00,0.00,0.00,0.00,0.00,0.00,0.00,normal,0,normal,21
3061,0,tcp,private,S0,0,0,0,0,0,0,0,0,0,0,0,0,0,0,0,0,0,0,192,18,1.00,1.00,0.00,0.00,0.09,0.09,0.00,255,18,0.07,0.09,0.00,0.00,1.00,1.00,0.00,0.00,dos,0,neptune,21
18904,0,tcp,http,SF,216,1292,0,0,0,0,0,1,0,0,0,0,0,0,0,0,0,0,2,2,0.00,0.00,0.00,0.00,1.00,0.00,0.00,20,255,1.00,0.00,0.05,0.04,0.00,0.00,0.00,0.00,normal,0,normal,21
18076,0,tcp,http,SF,353,1088,0,0,0,0,0,1,0,0,0,0,0,0,0,0,0,0,33,33,0.00,0.00,0.00,0.00,1.00,0.00,0.00,255,255,1.00,0.00,0.00,0.00,0.00,0.00,0.00,0.00,normal,0,normal,21
3346,0,tcp,http,SF,335,1903,0,0,0,0,0,1,0,0,0,0,0,0,0,0,0,0,2,2,0.00,0.00,0.00,0.00,1.00,0.00,0.00,105,255,1.00,0.00,0.01,0.01,0.00,0.00,0.00,0.00,normal,0,normal,21
9231,0,icmp,eco_i,SF,18,0,0,0,0,0,0,0,0,0,0,0,0,0,0,0,0,0,1,1,0.00,0.00,0.00,0.00,1.00,0.00,0.00,1,51,1.00,0.00,1.00,1.00,0.00,0.00,0.00,0.00,probe,0,ipsweep,18
20691,0,tcp,http,REJ,0,0,0,0,0,0,0,0,0,0,0,0,0,0,0,0,0,0,21,20,0.00,0.00,1.00,1.00,0.95,0.10,0.00,255,20,0.08,0.75,0.00,0.00,0.00,0.00,0.80,1.00,dos,0,neptune,13
16919,0,tcp,http,SF,213,5069,0,0,0,0,0,1,0,0,0,0,0,0,0,0,0,0,2,2,0.00,0.00,0.00,0.00,1.00,0.00,0.00,21,251,1.00,0.00,0.05,0.02,0.00,0.00,0.00,0.00,normal,0,normal,21
22323,280,tcp,ftp_data,SF,283618,0,0,0,0,0,0,0,0,0,0,0,0,0,0,0,0,0,2,2,0.00,0.00,0.00,0.00,1.00,0.00,0.00,10,10,1.00,0.00,1.00,0.00,0.00,0.00,0.00,0.00,r2l,0,warezmaster,15
9164,0,tcp,http,SF,422,7153,0,0,0,0,0,1,0,0,0,0,0,0,0,0,0,0,13,13,0.00,0.00,0.00,0.00,1.00,0.00,0.00,255,255,1.00,0.00,0.00,0.00,0.00,0.00,0.00,0.00,normal,0,normal,21
21796,0,tcp,http,SF,326,3003,0,0,0,0,0,1,0,0,0,0,0,0,0,0,0,0,19,19,0.00,0.00,0.00,0.00,1.00,0.00,0.00,32,255,1.00,0.00,0.03,0.02,0.00,0.00,0.00,0.00,normal,0,normal,21
2661,280,tcp,ftp_data,SF,283618,0,0,0,0,0,0,0,0,0,0,0,0,0,0,0,0,0,1,1,0.00,0.00,0.00,0.00,1.00,0.00,0.00,10,17,0.90,0.20,0.90,0.12,0.00,0.00,0.00,0.00,r2l,0,warezmaster,6
17306,0,tcp,http,SF,258,388,0,0,0,0,0,1,0,0,0,0,0,0,0,0,0,0,7,19,0.00,0.00,0.00,0.00,1.00,0.00,0.16,55,255,1.00,0.00,0.02,0.03,0.00,0.00,0.00,0.00,normal,0,normal,21
21118,0,tcp,whois,S0,0,0,0,0,0,0,0,0,0,0,0,0,0,0,0,0,0,0,266,14,1.00,1.00,0.00,0.00,0.05,0.06,0.00,255,14,0.05,0.06,0.00,0.00,1.00,1.00,0.00,0.00,dos,0,neptune,20
8938,0,udp,domain_u,SF,43,107,0,0,0,0,0,0,0,0,0,0,0,0,0,0,0,0,3,5,0.00,0.00,0.00,0.00,1.00,0.00,0.40,255,249,0.98,0.01,0.01,0.00,0.00,0.00,0.00,0.00,normal,0,normal,21
18857,0,tcp,private,REJ,0,0,0,0,0,0,0,0,0,0,0,0,0,0,0,0,0,0,261,1,0.00,0.00,1.00,1.00,0.00,0.07,0.00,255,1,0.00,0.07,0.00,0.00,0.00,0.00,1.00,1.00,dos,0,neptune,21
616,0,tcp,http,SF,54540,8314,0,0,0,2,0,1,1,0,0,0,0,0,0,0,0,0,4,4,0.00,0.00,0.00,0.00,1.00,0.00,0.00,255,249,0.98,0.01,0.00,0.00,0.00,0.00,0.06,0.06,dos,0,back,15
12952,0,tcp,http,SF,204,4878,0,0,0,0,0,1,0,0,0,0,0,0,0,0,0,0,7,11,0.00,0.00,0.00,0.00,1.00,0.00,0.27,255,255,1.00,0.00,0.00,0.00,0.00,0.00,0.00,0.00,normal,0,normal,21
18759,0,tcp,pop_3,S0,0,0,0,0,0,0,0,0,0,0,0,0,0,0,0,0,0,0,1,1,1.00,1.00,0.00,0.00,1.00,0.00,0.00,156,85,0.33,0.02,0.01,0.02,1.00,1.00,0.00,0.00,probe,1,mscan,18
136,0,tcp,private,REJ,0,0,0,0,0,0,0,0,0,0,0,0,0,0,0,0,0,0,218,19,0.00,0.00,1.00,1.00,0.09,0.06,0.00,255,19,0.07,0.07,0.00,0.00,0.00,0.00,1.00,1.00,dos,0,neptune,21
21501,0,tcp,http,SF,319,1281,0,0,0,0,0,1,0,0,0,0,0,0,0,0,0,0,27,27,0.00,0.00,0.00,0.00,1.00,0.00,0.00,27,255,1.00,0.00,0.04,0.07,0.00,0.00,0.00,0.00,normal,0,normal,21
3126,0,tcp,http,SF,295,527,0,0,0,0,0,1,0,0,0,0,0,0,0,0,0,0,8,8,0.00,0.00,0.00,0.00,1.00,0.00,0.00,124,255,1.00,0.00,0.01,0.03,0.00,0.00,0.00,0.00,normal,0,normal,21
17344,799,tcp,http,RSTR,72564,0,0,0,0,0,0,1,0,0,0,0,0,0,0,0,0,0,11,11,0.00,0.00,1.00,1.00,1.00,0.00,0.00,240,237,0.99,0.01,0.00,0.00,0.00,0.00,0.06,0.06,dos,1,apache2,14
846,0,tcp,http,SF,193,7770,0,0,0,0,0,1,0,0,0,0,0,0,0,0,0,0,3,5,0.00,0.00,0.00,0.00,1.00,0.00,0.40,217,255,1.00,0.00,0.00,0.02,0.00,0.00,0.00,0.00,normal,0,normal,21
12199,0,tcp,http,SF,215,15135,0,0,0,0,0,1,0,0,0,0,0,0,0,0,0,0,3,20,0.00,0.00,0.00,0.00,1.00,0.00,0.15,13,235,1.00,0.00,0.08,0.06,0.00,0.00,0.00,0.00,normal,0,normal,21
11928,0,tcp,telnet,S0,0,0,0,0,0,0,0,0,0,0,0,0,0,0,0,0,0,0,72,72,1.00,1.00,0.00,0.00,1.00,0.00,0.00,145,81,0.56,0.12,0.01,0.00,0.50,0.89,0.03,0.00,dos,0,neptune,18
17581,0,tcp,time,SF,0,4,0,0,0,0,0,0,0,0,0,0,0,0,0,0,0,0,1,1,0.00,0.00,0.00,0.00,1.00,0.00,0.00,17,17,1.00,0.00,0.06,0.00,0.00,0.00,0.00,0.00,normal,0,normal,21
16105,0,tcp,http,SF,219,332,0,0,0,0,0,1,0,0,0,0,0,0,0,0,0,0,7,7,0.00,0.00,0.00,0.00,1.00,0.00,0.00,27,255,1.00,0.00,0.04,0.11,0.00,0.00,0.00,0.00,normal,0,normal,21
9650,0,udp,private,SF,53,52,0,0,0,0,0,0,0,0,0,0,0,0,0,0,0,0,509,509,0.00,0.00,0.00,0.00,1.00,0.00,0.00,255,255,1.00,0.00,0.86,0.00,0.00,0.00,0.00,0.00,normal,0,normal,17
501,0,tcp,private,S0,0,0,0,0,0,0,0,0,0,0,0,0,0,0,0,0,0,0,150,20,1.00,1.00,0.00,0.00,0.13,0.06,0.00,255,20,0.08,0.07,0.00,0.00,1.00,1.00,0.00,0.00,dos,0,neptune,21
10590,0,tcp,private,S0,0,0,0,0,0,0,0,0,0,0,0,0,0,0,0,0,0,0,115,4,0.82,0.50,0.18,0.50,0.03,0.07,0.00,255,4,0.02,0.06,0.00,0.00,0.54,0.50,0.46,0.50,dos,0,neptune,21
16048,0,tcp,private,REJ,0,0,0,0,0,0,0,0,0,0,0,0,0,0,0,0,0,0,246,15,0.00,0.00,1.00,1.00,0.06,0.07,0.00,58,15,0.26,0.12,0.02,0.00,0.00,0.00,1.00,1.00,dos,0,neptune,18
4945,0,tcp,http,SF,288,1553,0,0,0,0,0,1,0,0,0,0,0,0,0,0,0,0,9,9,0.00,0.00,0.00,0.00,1.00,0.00,0.00,255,255,1.00,0.00,0.00,0.00,0.00,0.00,0.00,0.00,normal,0,normal,21
13706,0,tcp,http,SF,208,3976,0,0,0,0,0,1,0,0,0,0,0,0,0,0,0,0,28,28,0.00,0.00,0.00,0.00,1.00,0.00,0.00,255,255,1.00,0.00,0.00,0.00,0.00,0.00,0.00,0.00,normal,0,normal,21
14805,0,tcp,http,SF,254,48931,0,0,0,0,0,1,0,0,0,0,0,0,0,0,0,0,1,1,0.00,0.00,0.00,0.00,1.00,0.00,0.00,255,255,1.00,0.00,0.00,0.00,0.00,0.00,0.00,0.00,normal,0,normal,21
16355,280,tcp,ftp_data,SF,283618,0,0,0,0,2,0,0,0,0,0,0,0,0,0,0,0,0,1,1,0.00,0.00,0.00,0.00,1.00,0.00,0.00,4,5,0.75,0.50,0.75,0.40,0.00,0.00,0.00,0.00,r2l,0,warezmaster,7
4987,0,tcp,pop_2,REJ,0,0,0,0,0,0,0,0,0,0,0,0,0,0,0,0,0,0,298,20,0.00,0.00,1.00,1.00,0.07,0.06,0.00,255,20,0.08,0.06,0.00,0.00,0.00,0.00,1.00,1.00,dos,0,neptune,21
3818,0,tcp,private,REJ,0,0,0,0,0,0,0,0,0,0,0,0,0,0,0,0,0,0,121,12,0.00,0.00,1.00,1.00,0.10,0.07,0.00,255,12,0.05,0.06,0.00,0.00,0.00,0.00,1.00,1.00,dos,0,neptune,21
5522,0,tcp,http,SF,299,775,0,0,0,0,0,1,0,0,0,0,0,0,0,0,0,0,3,4,0.00,0.00,0.00,0.00,1.00,0.00,0.50,255,255,1.00,0.00,0.00,0.00,0.00,0.00,0.00,0.00,normal,0,normal,21
16095,0,tcp,smtp,SF,3594,330,0,0,0,0,0,1,0,0,0,0,0,0,0,0,0,0,1,1,0.00,0.00,0.00,0.00,1.00,0.00,0.00,108,131,0.43,0.06,0.01,0.02,0.00,0.00,0.00,0.00,normal,0,normal,21
6658,0,udp,domain_u,SF,42,42,0,0,0,0,0,0,0,0,0,0,0,0,0,0,0,0,11,17,0.00,0.00,0.00,0.00,1.00,0.00,0.12,255,255,1.00,0.00,0.00,0.00,0.00,0.00,0.00,0.00,normal,0,normal,21
6926,5,tcp,pop_3,SF,27,93,0,0,0,0,0,1,0,0,0,0,0,0,0,0,0,0,1,1,0.00,0.00,0.00,0.00,1.00,0.00,0.00,255,232,0.91,0.02,0.00,0.00,0.00,0.00,0.05,0.00,r2l,0,guess_passwd,16
10107,8112,tcp,telnet,SF,0,15,0,0,0,0,0,0,0,0,0,0,0,0,0,0,0,0,1,1,0.00,0.00,0.00,0.00,1.00,0.00,0.00,255,83,0.33,0.02,0.00,0.00,0.67,0.55,0.01,0.02,dos,1,processtable,17
12657,0,tcp,http,S0,0,0,0,0,0,0,0,0,0,0,0,0,0,0,0,0,0,0,99,99,1.00,1.00,0.00,0.00,1.00,0.00,0.00,255,255,1.00,0.00,0.00,0.00,0.78,0.78,0.19,0.19,dos,1,apache2,18
4959,0,tcp,http,SF,251,1407,0,0,0,0,0,1,0,0,0,0,0,0,0,0,0,0,3,3,0.00,0.00,0.00,0.00,1.00,0.00,0.00,30,255,1.00,0.00,0.03,0.06,0.00,0.00,0.00,0.00,normal,0,normal,21
3208,0,tcp,http,SF,296,1799,0,0,0,0,0,1,0,0,0,0,0,0,0,0,0,0,6,6,0.00,0.00,0.00,0.00,1.00,0.00,0.00,255,255,1.00,0.00,0.00,0.00,0.00,0.00,0.00,0.00,normal,0,normal,21
17471,0,tcp,http,SF,336,916,0,0,0,0,0,1,0,0,0,0,0,0,0,0,0,0,11,11,0.00,0.00,0.00,0.00,1.00,0.00,0.00,255,255,1.00,0.00,0.00,0.00,0.00,0.00,0.00,0.00,normal,0,normal,21
11621,0,tcp,private,REJ,0,0,0,0,0,0,0,0,0,0,0,0,0,0,0,0,0,0,244,7,0.00,0.00,1.00,1.00,0.03,0.06,0.00,255,7,0.03,0.06,0.00,0.00,0.00,0.00,1.00,1.00,dos,0,neptune,21
19242,0,tcp,http,SF,230,242,0,0,0,0,0,1,0,0,0,0,0,0,0,0,0,0,2,9,0.00,0.00,0.00,0.00,1.00,0.00,0.33,255,255,1.00,0.00,0.00,0.00,0.00,0.00,0.00,0.00,normal,0,normal,21
8442,0,tcp,http,SF,231,1690,0,0,0,0,0,1,0,0,0,0,0,0,0,0,0,0,1,1,0.00,0.00,0.00,0.00,1.00,0.00,0.00,2,80,1.00,0.00,0.50,0.08,0.00,0.00,0.00,0.00,normal,0,normal,21
800,0,tcp,http,SF,220,740,0,0,0,0,0,1,0,0,0,0,0,0,0,0,0,0,24,34,0.00,0.00,0.00,0.00,1.00,0.00,0.09,255,255,1.00,0.00,0.00,0.00,0.00,0.00,0.00,0.00,normal,0,normal,21
14098,0,tcp,http,SF,339,493,0,0,0,0,0,1,0,0,0,0,0,0,0,0,0,0,6,6,0.00,0.00,0.00,0.00,1.00,0.00,0.00,102,255,1.00,0.00,0.01,0.01,0.00,0.00,0.00,0.00,normal,0,normal,21
19035,0,tcp,private,REJ,0,0,0,0,0,0,0,0,0,0,0,0,0,0,0,0,0,0,99,2,0.00,0.00,1.00,1.00,0.02,0.07,0.00,255,2,0.01,0.07,0.00,0.00,0.00,0.00,1.00,1.00,dos,0,neptune,21
4013,0,tcp,http,SF,197,1575,0,0,0,0,0,1,0,0,0,0,0,0,0,0,0,0,1,2,0.00,0.00,0.00,0.00,1.00,0.00,1.00,4,6,1.00,0.00,0.25,0.33,0.00,0.00,0.00,0.00,normal,0,normal,21
8255,0,tcp,http,SF,227,2147,0,0,0,0,0,1,0,0,0,0,0,0,0,0,0,0,3,3,0.00,0.00,0.00,0.00,1.00,0.00,0.00,13,245,1.00,0.00,0.08,0.03,0.00,0.00,0.00,0.00,normal,0,normal,21
18401,0,tcp,http,SF,289,292,0,0,0,0,0,1,0,0,0,0,0,0,0,0,0,0,7,13,0.00,0.00,0.00,0.00,1.00,0.00,0.31,11,255,1.00,0.00,0.09,0.01,0.00,0.00,0.00,0.00,normal,0,normal,21
399,0,udp,private,SF,56,57,0,0,0,0,0,0,0,0,0,0,0,0,0,0,0,0,510,510,0.00,0.00,0.00,0.00,1.00,0.00,0.00,255,255,1.00,0.00,1.00,0.00,0.00,0.00,0.00,0.00,normal,0,normal,17
14036,0,tcp,telnet,S3,0,44,0,0,0,0,0,0,0,0,0,0,0,0,0,0,0,0,1,1,1.00,1.00,0.00,0.00,1.00,0.00,0.00,255,151,0.59,0.02,0.00,0.00,0.54,0.51,0.01,0.01,dos,1,processtable,19
77,8092,tcp,telnet,SF,0,15,0,0,0,0,0,0,0,0,0,0,0,0,0,0,0,0,1,1,0.00,0.00,0.00,0.00,1.00,0.00,0.00,255,67,0.26,0.03,0.00,0.00,0.00,0.01,0.11,0.19,dos,1,processtable,8
3629,0,tcp,ftp_data,SF,687,0,0,0,0,0,0,0,0,0,0,0,0,0,0,0,0,0,1,1,0.00,0.00,0.00,0.00,1.00,0.00,0.00,176,42,0.24,0.03,0.24,0.00,0.00,0.00,0.01,0.00,normal,0,normal,21
16485,0,tcp,http,SF,240,12210,0,0,0,0,0,1,0,0,0,0,0,0,0,0,0,0,1,7,0.00,0.00,0.00,0.00,1.00,0.00,0.43,103,255,1.00,0.00,0.01,0.05,0.00,0.00,0.00,0.00,normal,0,normal,21
17359,0,tcp,ftp_data,SF,12,0,0,0,0,0,0,0,0,0,0,0,0,0,0,0,0,0,2,2,0.00,0.00,0.00,0.00,1.00,0.00,0.00,2,9,1.00,0.00,1.00,0.33,0.00,0.00,0.00,0.00,r2l,0,warezmaster,16
2417,0,tcp,private,REJ,0,0,0,0,0,0,0,0,0,0,0,0,0,0,0,0,0,0,272,7,0.00,0.00,1.00,1.00,0.03,0.06,0.00,255,7,0.03,0.07,0.00,0.00,0.00,0.00,1.00,1.00,dos,0,neptune,21
7362,0,tcp,http,S0,0,0,0,0,0,0,0,0,0,0,0,0,0,0,0,0,0,0,98,98,1.00,1.00,0.00,0.00,1.00,0.00,0.00,255,255,1.00,0.00,0.00,0.00,0.60,0.60,0.37,0.37,dos,1,apache2,18
16026,0,tcp,http,SF,276,5911,0,0,0,0,0,1,0,0,0,0,0,0,0,0,0,0,6,6,0.00,0.00,0.00,0.00,1.00,0.00,0.00,6,247,1.00,0.00,0.17,0.03,0.00,0.00,0.00,0.00,normal,0,normal,21
9058,0,tcp,http,S2,0,11521,0,0,0,0,0,0,0,0,0,0,0,0,0,0,0,0,2,2,1.00,1.00,0.00,0.00,1.00,0.00,0.00,2,245,1.00,0.00,0.50,0.04,1.00,0.01,0.00,0.00,normal,0,normal,15
8411,0,tcp,smtp,SF,642,333,0,0,0,0,0,1,0,0,0,0,0,0,0,0,0,0,1,1,0.00,0.00,0.00,0.00,1.00,0.00,0.00,60,168,0.82,0.08,0.02,0.01,0.00,0.00,0.00,0.00,normal,0,normal,21
16003,0,udp,private,SF,46,43,0,0,0,0,0,0,0,0,0,0,0,0,0,0,0,0,11,11,0.00,0.00,0.00,0.00,1.00,0.00,0.00,255,255,1.00,0.00,0.04,0.00,0.00,0.00,0.00,0.00,normal,0,normal,11
21951,0,tcp,private,S0,0,0,0,0,0,0,0,0,0,0,0,0,0,0,0,0,0,0,169,12,1.00,1.00,0.00,0.00,0.07,0.09,0.00,255,12,0.05,0.10,0.00,0.00,1.00,1.00,0.00,0.00,dos,0,neptune,21
3571,0,tcp,http,SF,320,13932,0,0,0,0,0,1,0,0,0,0,0,0,0,0,0,0,4,17,0.00,0.00,0.00,0.00,1.00,0.00,0.18,196,255,1.00,0.00,0.01,0.01,0.01,0.00,0.00,0.00,normal,0,normal,21
8787,0,tcp,private,S0,0,0,0,0,0,0,0,0,0,0,0,0,0,0,0,0,0,0,261,18,1.00,1.00,0.00,0.00,0.07,0.06,0.00,255,18,0.07,0.06,0.00,0.00,1.00,1.00,0.00,0.00,dos,0,neptune,21
11095,0,tcp,http,SF,233,6363,0,0,0,0,0,1,0,0,0,0,0,0,0,0,0,0,8,8,0.00,0.00,0.00,0.00,1.00,0.00,0.00,255,255,1.00,0.00,0.00,0.00,0.00,0.00,0.00,0.00,normal,0,normal,21
20172,0,tcp,ftp,S0,0,0,0,0,0,0,0,0,0,0,0,0,0,0,0,0,0,0,148,4,1.00,1.00,0.00,0.00,0.03,0.09,0.00,255,4,0.02,0.09,0.00,0.00,1.00,1.00,0.00,0.00,dos,0,neptune,19
13490,0,tcp,http,SF,205,746,0,0,0,0,0,1,0,0,0,0,0,0,0,0,0,0,12,12,0.00,0.00,0.00,0.00,1.00,0.00,0.00,12,255,1.00,0.00,0.08,0.04,0.00,0.00,0.00,0.00,normal,0,normal,21
21123,0,tcp,http,S0,0,0,0,0,0,0,0,0,0,0,0,0,0,0,0,0,0,0,37,37,0.84,0.84,0.14,0.14,1.00,0.00,0.00,255,255,1.00,0.00,0.00,0.00,0.17,0.17,0.70,0.70,dos,1,apache2,18
21897,0,tcp,http,SF,249,702,0,0,0,0,0,1,0,0,0,0,0,0,0,0,0,0,2,2,0.00,0.00,0.00,0.00,1.00,0.00,0.00,15,255,1.00,0.00,0.07,0.03,0.00,0.00,0.00,0.00,normal,0,normal,21
1308,0,tcp,http,SF,217,7129,0,0,0,0,0,1,0,0,0,0,0,0,0,0,0,0,1,14,0.00,0.00,0.00,0.00,1.00,0.00,0.14,7,255,1.00,0.00,0.14,0.09,0.14,0.00,0.00,0.00,normal,0,normal,21
7655,0,tcp,http,SF,336,774,0,0,0,0,0,1,0,0,0,0,0,0,0,0,0,0,20,20,0.00,0.00,0.00,0.00,1.00,0.00,0.00,255,255,1.00,0.00,0.00,0.00,0.00,0.00,0.00,0.00,normal,0,normal,21
20357,0,tcp,http,SF,215,10587,0,0,0,0,0,1,0,0,0,0,0,0,0,0,0,0,2,4,0.00,0.00,0.00,0.00,1.00,0.00,0.50,255,255,1.00,0.00,0.00,0.00,0.00,0.00,0.00,0.00,normal,0,normal,21
11935,0,tcp,http,SF,315,417,0,0,0,0,0,1,0,0,0,0,0,0,0,0,0,0,12,12,0.00,0.00,0.00,0.00,1.00,0.00,0.00,255,255,1.00,0.00,0.00,0.00,0.00,0.00,0.00,0.00,normal,0,normal,21
1475,281,tcp,ftp,SF,158,593,0,0,0,2,0,1,0,0,0,0,0,0,0,0,0,1,1,1,0.00,0.00,0.00,0.00,1.00,0.00,0.00,255,95,0.37,0.03,0.00,0.00,0.00,0.00,0.00,0.00,r2l,0,warezmaster,13
6174,0,tcp,smtp,SF,7074,374,0,0,0,0,0,1,0,0,0,0,0,0,0,0,0,0,1,3,0.00,0.00,0.00,0.00,1.00,0.00,1.00,3,155,1.00,0.00,0.33,0.02,0.00,0.00,0.00,0.00,normal,0,normal,21
11841,0,tcp,http,SF,237,1576,0,0,0,0,0,1,0,0,0,0,0,0,0,0,0,0,6,6,0.00,0.00,0.00,0.00,1.00,0.00,0.00,255,255,1.00,0.00,0.00,0.00,0.00,0.00,0.00,0.00,normal,0,normal,21
12533,0,tcp,telnet,S0,0,0,0,0,0,0,0,0,0,0,0,0,0,0,0,0,0,0,1,1,1.00,1.00,0.00,0.00,1.00,0.00,0.00,19,86,0.37,0.16,0.05,0.03,1.00,1.00,0.00,0.00,probe,1,mscan,17
7544,0,icmp,ecr_i,SF,508,0,0,0,0,0,0,0,0,0,0,0,0,0,0,0,0,0,359,359,0.00,0.00,0.00,0.00,1.00,0.00,0.00,255,255,1.00,0.00,1.00,0.00,0.00,0.00,0.00,0.00,dos,0,smurf,18
11604,0,tcp,smtp,SF,636,326,0,0,0,0,0,1,0,0,0,0,0,0,0,0,0,0,1,1,0.00,0.00,0.00,0.00,1.00,0.00,0.00,75,166,0.79,0.04,0.01,0.01,0.00,0.00,0.00,0.00,normal,0,normal,21
539,0,tcp,http,SF,247,12932,0,0,0,0,0,1,0,0,0,0,0,0,0,0,0,0,9,10,0.00,0.00,0.00,0.00,1.00,0.00,0.20,255,255,1.00,0.00,0.00,0.00,0.01,0.01,0.00,0.00,normal,0,normal,21
20474,7779,tcp,telnet,SF,0,44,0,0,0,0,0,0,0,0,0,0,0,0,0,0,0,0,1,1,0.00,0.00,0.00,0.00,1.00,0.00,0.00,255,114,0.45,0.49,0.00,0.00,0.35,0.77,0.48,0.00,dos,1,processtable,18
10576,0,tcp,http,SF,218,733,0,0,0,0,0,1,0,0,0,0,0,0,0,0,0,0,11,21,0.00,0.00,0.00,0.00,1.00,0.00,0.10,255,255,1.00,0.00,0.00,0.00,0.00,0.00,0.00,0.00,normal,0,normal,21
16508,0,udp,private,SF,54,56,0,0,0,0,0,0,0,0,0,0,0,0,0,0,0,0,510,510,0.00,0.00,0.00,0.00,1.00,0.00,0.00,255,255,1.00,0.00,0.87,0.00,0.00,0.00,0.00,0.00,normal,0,normal,17
18379,0,tcp,telnet,SF,122,174,0,0,0,0,1,0,0,0,0,0,0,0,0,0,0,0,2,2,0.00,0.00,0.00,0.00,1.00,0.00,0.00,255,255,1.00,0.00,0.00,0.00,0.00,0.00,0.02,0.02,r2l,0,guess_passwd,16
22055,0,tcp,http,SF,156,166,0,0,0,0,0,1,0,0,0,0,0,0,0,0,0,0,1,2,0.00,0.00,0.00,0.00,1.00,0.00,1.00,10,138,1.00,0.00,0.10,0.04,0.00,0.00,0.00,0.00,normal,0,normal,21
11487,0,icmp,ecr_i,SF,508,0,0,0,0,0,0,0,0,0,0,0,0,0,0,0,0,0,394,394,0.00,0.00,0.00,0.00,1.00,0.00,0.00,255,255,1.00,0.00,1.00,0.00,0.00,0.00,0.00,0.00,dos,0,smurf,18
15408,0,tcp,http,SF,211,930,0,0,0,0,0,1,0,0,0,0,0,0,0,0,0,0,4,4,0.00,0.00,0.00,0.00,1.00,0.00,0.00,255,255,1.00,0.00,0.00,0.00,0.00,0.00,0.00,0.00,normal,0,normal,21
8074,0,tcp,telnet,S3,0,44,0,0,0,0,0,0,0,0,0,0,0,0,0,0,0,0,1,1,1.00,1.00,0.00,0.00,1.00,0.00,0.00,255,153,0.60,0.02,0.00,0.00,0.55,0.52,0.01,0.01,dos,1,processtable,19
10473,0,tcp,other,S0,0,0,0,0,0,0,0,0,0,0,0,0,0,0,0,0,0,0,414,1,0.18,1.00,0.80,0.00,0.00,1.00,0.00,255,1,0.00,0.93,0.00,0.00,0.14,1.00,0.84,0.00,probe,0,satan,19
20367,0,tcp,private,S0,0,0,0,0,0,0,0,0,0,0,0,0,0,0,0,0,0,0,132,19,1.00,1.00,0.00,0.00,0.14,0.07,0.00,255,19,0.07,0.06,0.00,0.00,1.00,1.00,0.00,0.00,dos,0,neptune,21
17255,0,tcp,http,SF,295,278,0,0,0,0,0,1,0,0,0,0,0,0,0,0,0,0,19,23,0.00,0.00,0.00,0.00,1.00,0.00,0.17,255,255,1.00,0.00,0.00,0.00,0.00,0.00,0.00,0.00,normal,0,normal,21
15088,0,tcp,private,REJ,0,0,0,0,0,0,0,0,0,0,0,0,0,0,0,0,0,0,141,20,0.00,0.00,1.00,1.00,0.14,0.06,0.00,255,20,0.08,0.07,0.00,0.00,0.00,0.00,1.00,1.00,dos,0,neptune,21
13402,0,icmp,ecr_i,SF,1032,0,0,0,0,0,0,0,0,0,0,0,0,0,0,0,0,0,508,508,0.00,0.00,0.00,0.00,1.00,0.00,0.00,255,39,0.15,0.02,0.16,0.00,0.00,0.00,0.00,0.00,dos,0,smurf,19
8103,0,tcp,smtp,REJ,0,0,0,0,0,0,0,0,0,0,0,0,0,0,0,0,0,0,1,7,0.00,0.00,1.00,1.00,1.00,0.00,1.00,97,168,0.49,0.04,0.01,0.01,0.00,0.00,0.01,0.02,normal,0,normal,21
2018,0,tcp,http,SF,195,1397,0,0,0,0,0,1,0,0,0,0,0,0,0,0,0,0,14,21,0.00,0.00,0.00,0.00,1.00,0.00,0.10,56,255,1.00,0.00,0.02,0.04,0.00,0.00,0.00,0.00,normal,0,normal,21
9415,0,tcp,http,SF,211,1227,0,0,0,0,0,1,0,0,0,0,0,0,0,0,0,0,3,57,0.00,0.00,0.00,0.00,1.00,0.00,0.04,237,237,1.00,0.00,0.00,0.00,0.00,0.00,0.00,0.00,normal,0,normal,20
8635,0,tcp,name,REJ,0,0,0,0,0,0,0,0,0,0,0,0,0,0,0,0,0,0,234,5,0.00,0.00,1.00,1.00,0.02,0.07,0.00,255,5,0.02,0.08,0.00,0.00,0.00,0.00,1.00,1.00,dos,0,neptune,20
9979,0,tcp,http,SF,154,23411,0,0,0,0,0,1,0,0,0,0,0,0,0,0,0,0,1,1,0.00,0.00,0.00,0.00,1.00,0.00,0.00,43,255,1.00,0.00,0.02,0.06,0.00,0.00,0.00,0.00,normal,0,normal,21
7884,0,tcp,ftp_data,SF,16787,0,0,0,0,0,0,0,0,0,0,0,0,0,0,0,0,0,10,10,0.00,0.00,0.00,0.00,1.00,0.00,0.00,31,40,0.52,0.10,0.52,0.05,0.00,0.00,0.00,0.00,normal,0,normal,21
14265,0,tcp,private,SH,0,0,0,0,0,0,0,0,0,0,0,0,0,0,0,0,0,0,1,1,1.00,1.00,0.00,0.00,1.00,0.00,0.00,39,1,0.03,1.00,1.00,0.00,1.00,1.00,0.00,0.00,probe,0,nmap,18
9214,0,tcp,http,SF,296,2445,0,0,0,0,0,1,0,0,0,0,0,0,0,0,0,0,4,4,0.00,0.00,0.00,0.00,1.00,0.00,0.00,255,255,1.00,0.00,0.00,0.00,0.00,0.00,0.00,0.00,normal,0,normal,21
3916,0,udp,private,SF,1,1,0,0,0,0,0,0,0,0,0,0,0,0,0,0,0,0,111,1,0.00,0.00,0.00,0.00,0.01,0.64,0.00,255,1,0.00,0.82,1.00,0.00,0.00,0.00,0.00,0.00,probe,0,satan,16
12715,0,tcp,smtp,SF,0,83,0,0,0,0,0,1,0,0,0,0,0,0,0,0,0,0,2,1,0.00,0.00,0.00,0.00,0.50,1.00,0.00,27,16,0.59,0.11,0.04,0.00,0.00,0.00,0.00,0.00,normal,0,normal,21
22355,0,tcp,http,S0,0,0,0,0,0,0,0,0,0,0,0,0,0,0,0,0,0,0,37,37,0.59,0.59,0.38,0.38,1.00,0.00,0.00,255,255,1.00,0.00,0.00,0.00,0.12,0.12,0.70,0.70,dos,1,apache2,18
18361,0,tcp,pop_3,RSTO,0,36,0,0,0,0,0,1,0,0,0,0,0,0,0,0,0,0,3,3,0.00,0.00,0.67,0.67,0.33,1.00,1.00,133,58,0.24,0.04,0.01,0.03,0.00,0.00,0.89,1.00,probe,1,mscan,15
1448,0,tcp,private,REJ,0,0,0,0,0,0,0,0,0,0,0,0,0,0,0,0,0,0,149,12,0.00,0.00,1.00,1.00,0.08,0.05,0.00,255,12,0.05,0.05,0.00,0.00,0.00,0.00,1.00,1.00,dos,0,neptune,21
16812,0,icmp,ecr_i,SF,1480,0,0,1,0,0,0,0,0,0,0,0,0,0,0,0,0,0,1,3,0.00,0.00,0.00,0.00,1.00,0.00,0.67,1,27,1.00,0.00,1.00,0.52,0.00,0.00,0.00,0.00,dos,0,pod,17
14367,0,tcp,telnet,SF,118,174,0,0,0,0,1,0,0,0,0,0,0,0,0,0,0,0,1,1,0.00,0.00,0.00,0.00,1.00,0.00,0.00,255,122,0.48,0.02,0.00,0.00,0.00,0.00,0.01,0.02,r2l,0,guess_passwd,11
18459,0,udp,private,SF,52,52,0,0,0,0,0,0,0,0,0,0,0,0,0,0,0,0,509,509,0.00,0.00,0.00,0.00,1.00,0.00,0.00,255,255,1.00,0.00,0.83,0.00,0.00,0.00,0.00,0.00,normal,0,normal,17
6707,0,tcp,pop_3,S0,0,0,0,0,0,0,0,0,0,0,0,0,0,0,0,0,0,0,1,2,1.00,1.00,0.00,0.00,1.00,0.00,1.00,5,84,0.20,0.60,0.20,0.04,1.00,1.00,0.00,0.00,probe,1,mscan,18
2713,0,tcp,ftp_data,SF,3346,0,0,0,0,0,0,0,0,0,0,0,0,0,0,0,0,0,1,1,0.00,0.00,0.00,0.00,1.00,0.00,0.00,255,44,0.17,0.03,0.17,0.00,0.45,0.00,0.02,0.00,u2r,1,ps,7
6597,0,udp,private,SF,54,55,0,0,0,0,0,0,0,0,0,0,0,0,0,0,0,0,511,511,0.00,0.00,0.00,0.00,1.00,0.00,0.00,255,255,1.00,0.00,0.87,0.00,0.00,0.00,0.00,0.00,normal,0,normal,17
4071,4,tcp,pop_3,SF,28,93,0,0,0,0,0,1,0,0,0,0,0,0,0,0,0,0,1,1,0.00,0.00,0.00,0.00,1.00,0.00,0.00,255,211,0.83,0.02,0.00,0.00,0.00,0.00,0.07,0.00,r2l,0,guess_passwd,18
9845,0,tcp,http,SF,334,2178,0,0,0,0,0,1,0,0,0,0,0,0,0,0,0,0,14,14,0.00,0.00,0.00,0.00,1.00,0.00,0.00,255,255,1.00,0.00,0.00,0.00,0.00,0.00,0.00,0.00,normal,0,normal,21
12030,0,tcp,private,REJ,0,0,0,0,0,0,0,0,0,0,0,0,0,0,0,0,0,0,191,15,0.00,0.00,1.00,1.00,0.08,0.06,0.00,255,15,0.06,0.07,0.00,0.00,0.00,0.00,1.00,1.00,dos,0,neptune,21
20843,0,udp,private,SF,46,43,0,0,0,0,0,0,0,0,0,0,0,0,0,0,0,0,99,99,0.00,0.00,0.00,0.00,1.00,0.00,0.00,255,255,1.00,0.00,0.38,0.00,0.00,0.00,0.00,0.00,normal,0,normal,14
8499,0,tcp,http,SF,326,128,0,0,0,0,0,1,0,0,0,0,0,0,0,0,0,0,1,44,0.00,0.00,0.00,0.00,1.00,0.00,0.07,52,255,1.00,0.00,0.02,0.02,0.00,0.00,0.00,0.00,normal,0,normal,21
13307,4,tcp,pop_3,SF,25,93,0,0,0,0,0,1,0,0,0,0,0,0,0,0,0,0,1,1,0.00,0.00,0.00,0.00,1.00,0.00,0.00,74,71,0.95,0.03,0.01,0.03,0.00,0.00,0.00,0.00,r2l,0,guess_passwd,7
13787,0,tcp,http,SF,208,2393,0,0,0,0,0,1,0,0,0,0,0,0,0,0,0,0,3,3,0.00,0.00,0.00,0.00,1.00,0.00,0.00,255,255,1.00,0.00,0.00,0.00,0.00,0.00,0.00,0.00,normal,0,normal,21
17551,0,tcp,http,SF,327,337,0,0,0,0,0,1,0,0,0,0,0,0,0,0,0,0,8,17,0.00,0.00,0.00,0.00,1.00,0.00,0.24,196,255,1.00,0.00,0.01,0.01,0.00,0.00,0.00,0.00,normal,0,normal,21
11844,0,tcp,other,REJ,0,0,0,0,0,0,0,0,0,0,0,0,0,0,0,0,0,0,490,1,0.04,0.00,0.96,1.00,0.00,1.00,0.00,255,1,0.00,1.00,0.00,0.00,0.00,0.00,1.00,1.00,probe,0,satan,19
983,0,tcp,sunrpc,REJ,0,0,0,0,0,0,0,0,0,0,0,0,0,0,0,0,0,0,5,2,0.00,0.00,0.80,1.00,0.20,0.80,1.00,215,2,0.01,0.03,0.00,0.00,0.00,0.00,0.06,1.00,probe,1,mscan,14
15279,0,tcp,telnet,S0,0,0,0,0,0,0,0,0,0,0,0,0,0,0,0,0,0,0,1,10,1.00,0.10,0.00,0.30,1.00,0.00,0.60,43,86,0.35,0.07,0.02,0.03,1.00,1.00,0.00,0.00,probe,1,mscan,18
3437,0,tcp,http,SF,251,15598,0,0,0,0,0,1,0,0,0,0,0,0,0,0,0,0,3,3,0.00,0.00,0.00,0.00,1.00,0.00,0.00,54,248,1.00,0.00,0.02,0.05,0.00,0.00,0.00,0.00,normal,0,normal,21
3607,1,tcp,smtp,SF,2599,293,0,0,0,0,0,1,0,0,0,0,0,0,0,0,0,0,3,3,0.00,0.00,0.00,0.00,1.00,0.00,0.00,255,7,0.03,0.16,0.00,0.00,0.00,0.00,0.95,0.00,dos,1,mailbomb,12
17498,1,tcp,smtp,SF,898,336,0,0,0,0,0,1,0,0,0,0,0,0,0,0,0,0,2,4,0.00,0.00,0.00,0.00,1.00,0.00,0.75,131,76,0.58,0.12,0.01,0.00,0.00,0.00,0.02,0.00,normal,0,normal,21
7271,0,udp,other,SF,1,1,0,0,0,0,0,0,0,0,0,0,0,0,0,0,0,0,24,1,0.00,0.00,0.00,0.00,0.04,0.88,0.00,255,1,0.00,0.72,1.00,0.00,0.00,0.00,0.00,0.00,probe,0,satan,15
11221,0,icmp,ecr_i,SF,1032,0,0,0,0,0,0,0,0,0,0,0,0,0,0,0,0,0,106,106,0.00,0.00,0.00,0.00,1.00,0.00,0.00,255,151,0.59,0.39,0.59,0.00,0.08,0.00,0.33,0.00,dos,0,smurf,18
6318,0,tcp,http,REJ,0,0,0,0,0,0,0,0,0,0,0,0,0,0,0,0,0,0,1,1,0.00,0.00,1.00,1.00,1.00,0.00,0.00,255,26,0.10,0.89,0.00,0.00,0.13,0.00,0.87,1.00,normal,0,normal,13
17698,0,tcp,other,REJ,0,0,0,0,0,0,0,0,0,0,0,0,0,0,0,0,0,0,510,1,0.00,0.00,1.00,1.00,0.00,0.97,0.00,255,1,0.00,1.00,0.00,0.00,0.00,0.00,1.00,1.00,probe,0,satan,18
9360,0,tcp,http,SF,314,1358,0,0,0,0,0,1,0,0,0,0,0,0,0,0,0,0,6,8,0.00,0.00,0.00,0.00,1.00,0.00,0.25,255,255,1.00,0.00,0.00,0.00,0.00,0.00,0.00,0.00,normal,0,normal,21
5853,0,tcp,http,SF,214,254,0,0,0,0,0,1,0,0,0,0,0,0,0,0,0,0,4,4,0.25,0.25,0.00,0.00,1.00,0.00,0.00,255,255,1.00,0.00,0.00,0.00,0.00,0.00,0.00,0.00,normal,0,normal,18
5018,0,udp,domain_u,SF,45,45,0,0,0,0,0,0,0,0,0,0,0,0,0,0,0,0,6,10,0.00,0.00,0.00,0.00,1.00,0.00,0.20,255,250,0.98,0.01,0.01,0.00,0.00,0.00,0.00,0.00,normal,0,normal,21
16359,0,tcp,http,SF,321,8422,0,0,0,0,0,1,0,0,0,0,0,0,0,0,0,0,13,14,0.00,0.00,0.00,0.00,1.00,0.00,0.14,255,255,1.00,0.00,0.00,0.00,0.00,0.00,0.00,0.00,normal,0,normal,21
14039,7276,tcp,telnet,SF,0,44,0,0,0,0,0,0,0,0,0,0,0,0,0,0,0,0,1,1,0.00,0.00,0.00,0.00,1.00,0.00,0.00,255,244,0.96,0.02,0.00,0.00,0.33,0.35,0.05,0.02,dos,1,processtable,18
10094,0,tcp,iso_tsap,S0,0,0,0,0,0,0,0,0,0,0,0,0,0,0,0,0,0,0,269,7,1.00,1.00,0.00,0.00,0.03,0.06,0.00,255,7,0.03,0.07,0.00,0.00,1.00,1.00,0.00,0.00,dos,0,neptune,20
15968,0,tcp,private,RSTR,0,0,0,0,0,0,0,0,0,0,0,0,0,0,0,0,0,0,1,1,0.00,0.00,1.00,1.00,1.00,0.00,0.00,255,1,0.00,0.36,0.32,0.00,0.00,0.00,0.90,1.00,probe,0,portsweep,18
4102,0,tcp,http,SF,322,656,0,0,0,0,0,1,0,0,0,0,0,0,0,0,0,0,5,5,0.00,0.00,0.00,0.00,1.00,0.00,0.00,255,255,1.00,0.00,0.00,0.00,0.00,0.00,0.00,0.00,normal,0,normal,21
20820,0,tcp,http,SF,293,6521,0,0,0,0,0,1,0,0,0,0,0,0,0,0,0,0,6,6,0.00,0.00,0.00,0.00,1.00,0.00,0.00,6,255,1.00,0.00,0.17,0.08,0.00,0.00,0.00,0.00,normal,0,normal,21
7756,0,tcp,telnet,S3,0,44,0,0,0,0,0,0,0,0,0,0,0,0,0,0,0,0,1,1,1.00,1.00,0.00,0.00,1.00,0.00,0.00,255,129,0.51,0.02,0.00,0.00,0.53,0.43,0.01,0.01,dos,1,processtable,18
7341,0,tcp,private,REJ,0,0,0,0,0,0,0,0,0,0,0,0,0,0,0,0,0,0,253,10,0.00,0.00,1.00,1.00,0.04,0.06,0.00,255,10,0.04,0.07,0.00,0.00,0.00,0.00,1.00,1.00,dos,0,neptune,21
10147,0,icmp,eco_i,SF,18,0,0,0,0,0,0,0,0,0,0,0,0,0,0,0,0,0,1,1,0.00,0.00,0.00,0.00,1.00,0.00,0.00,1,223,1.00,0.00,1.00,1.00,0.00,0.00,0.00,0.00,probe,0,ipsweep,15
15747,0,tcp,private,S0,0,0,0,0,0,0,0,0,0,0,0,0,0,0,0,0,0,0,274,12,1.00,1.00,0.00,0.00,0.04,0.06,0.00,255,12,0.05,0.07,0.00,0.00,1.00,1.00,0.00,0.00,dos,0,neptune,21
1195,0,icmp,ecr_i,SF,1032,0,0,0,0,0,0,0,0,0,0,0,0,0,0,0,0,0,2,2,0.00,0.00,0.00,0.00,1.00,0.00,0.00,255,255,1.00,0.00,1.00,0.00,0.00,0.00,0.00,0.00,dos,0,smurf,16
9486,0,tcp,http,SF,214,347,0,0,0,0,0,1,0,0,0,0,0,0,0,0,0,0,24,24,0.00,0.00,0.00,0.00,1.00,0.00,0.00,255,255,1.00,0.00,0.00,0.00,0.00,0.00,0.00,0.00,normal,0,normal,21
16994,0,tcp,other,RSTR,0,0,0,0,0,0,0,0,0,0,0,0,0,0,0,0,0,0,3,1,0.00,0.00,0.33,1.00,0.33,0.67,0.00,255,1,0.00,0.04,0.03,0.00,0.00,0.00,0.03,1.00,probe,0,portsweep,18
6160,0,icmp,ecr_i,SF,1008,0,0,0,0,0,0,0,0,0,0,0,0,0,0,0,0,0,9,9,0.00,0.00,0.00,0.00,1.00,0.00,0.00,255,255,1.00,0.00,1.00,0.00,0.00,0.00,0.00,0.00,dos,0,smurf,18
152,0,icmp,ecr_i,SF,1480,0,0,1,0,0,0,0,0,0,0,0,0,0,0,0,0,0,1,3,0.00,0.00,0.00,0.00,1.00,0.00,0.67,90,23,0.01,1.00,0.01,0.52,0.99,0.00,0.00,0.00,dos,0,pod,15
13813,0,tcp,http,SF,241,2507,0,0,0,0,0,1,0,0,0,0,0,0,0,0,0,0,5,5,0.00,0.00,0.00,0.00,1.00,0.00,0.00,255,246,0.96,0.01,0.00,0.00,0.00,0.00,0.00,0.00,normal,0,normal,21
14643,0,tcp,echo,RSTO,0,0,0,0,0,0,0,0,0,0,0,0,0,0,0,0,0,0,270,20,0.00,0.00,1.00,1.00,0.07,0.06,0.00,255,20,0.08,0.06,0.00,0.00,0.00,0.00,1.00,1.00,dos,0,neptune,19
415,0,tcp,http,SF,324,13335,0,0,0,0,0,1,0,0,0,0,0,0,0,0,0,0,20,29,0.00,0.00,0.00,0.00,1.00,0.00,0.07,20,255,1.00,0.00,0.05,0.07,0.00,0.00,0.00,0.00,normal,0,normal,21
11554,0,tcp,http,SF,303,3961,0,0,0,0,0,1,0,0,0,0,0,0,0,0,0,0,5,5,0.00,0.00,0.00,0.00,1.00,0.00,0.00,24,255,1.00,0.00,0.04,0.03,0.00,0.00,0.00,0.00,normal,0,normal,21
4615,0,tcp,http,SF,209,2881,0,0,0,0,0,1,0,0,0,0,0,0,0,0,0,0,8,9,0.00,0.00,0.00,0.00,1.00,0.00,0.22,138,255,1.00,0.00,0.01,0.02,0.00,0.00,0.00,0.00,normal,0,normal,21
279,0,tcp,private,REJ,0,0,0,0,0,0,0,0,0,0,0,0,0,0,0,0,0,0,212,19,0.00,0.00,1.00,1.00,0.09,0.07,0.00,255,19,0.07,0.06,0.00,0.00,0.00,0.00,1.00,1.00,dos,0,neptune,21
16943,7308,tcp,telnet,SF,0,44,0,0,0,0,0,0,0,0,0,0,0,0,0,0,0,0,1,1,0.00,0.00,0.00,0.00,1.00,0.00,0.00,255,239,0.94,0.02,0.00,0.00,0.33,0.36,0.07,0.03,dos,1,processtable,18
19233,281,tcp,ftp,SF,160,597,0,0,0,2,0,1,0,0,0,0,0,0,0,0,0,1,1,1,0.00,0.00,0.00,0.00,1.00,0.00,0.00,255,17,0.07,0.89,0.00,0.00,0.00,0.06,0.86,0.00,r2l,0,warezmaster,12
18949,0,tcp,http,SF,229,1912,0,0,0,0,0,1,0,0,0,0,0,0,0,0,0,0,17,17,0.00,0.00,0.00,0.00,1.00,0.00,0.00,17,229,1.00,0.00,0.06,0.04,0.00,0.00,0.00,0.00,normal,0,normal,21
14038,0,tcp,http,SF,298,18263,0,0,0,2,0,1,2,0,0,0,0,0,0,0,0,0,2,2,0.00,0.00,0.00,0.00,1.00,0.00,0.00,255,255,1.00,0.00,0.00,0.00,0.00,0.00,0.00,0.00,normal,0,normal,19
17947,0,tcp,private,REJ,0,0,0,0,0,0,0,0,0,0,0,0,0,0,0,0,0,0,221,14,0.00,0.00,1.00,1.00,0.06,0.05,0.00,255,14,0.05,0.06,0.00,0.00,0.00,0.00,1.00,1.00,dos,0,neptune,21
7744,0,tcp,http,SF,308,874,0,0,0,0,0,1,0,0,0,0,0,0,0,0,0,0,8,20,0.00,0.00,0.00,0.00,1.00,0.00,0.15,196,255,1.00,0.00,0.01,0.01,0.00,0.00,0.00,0.00,normal,0,normal,21
1134,0,tcp,smtp,SF,3190,331,0,0,0,0,0,1,0,0,0,0,0,0,0,0,0,0,1,1,0.00,0.00,0.00,0.00,1.00,0.00,0.00,118,74,0.63,0.04,0.01,0.00,0.00,0.00,0.01,0.01,normal,0,normal,21
11947,0,tcp,http,SF,260,37029,0,0,0,0,0,1,0,0,0,0,0,0,0,0,0,0,4,4,0.00,0.00,0.00,0.00,1.00,0.00,0.00,92,237,1.00,0.00,0.01,0.03,0.00,0.00,0.00,0.00,normal,0,normal,21
5601,0,tcp,http,SF,289,752,0,0,0,0,0,1,0,0,0,0,0,0,0,0,0,0,11,11,0.00,0.00,0.00,0.00,1.00,0.00,0.00,49,255,1.00,0.00,0.02,0.06,0.00,0.00,0.00,0.00,normal,0,normal,21
6619,0,tcp,http,SF,250,2137,0,0,0,0,0,1,0,0,0,0,0,0,0,0,0,0,10,10,0.00,0.00,0.00,0.00,1.00,0.00,0.00,255,255,1.00,0.00,0.00,0.00,0.00,0.00,0.00,0.00,normal,0,normal,21
977,0,tcp,http,SF,335,241,0,0,0,0,0,1,0,0,0,0,0,0,0,0,0,0,4,17,0.00,0.00,0.00,0.00,1.00,0.00,0.12,97,251,1.00,0.00,0.01,0.04,0.00,0.00,0.00,0.00,normal,0,normal,21
5557,0,tcp,smtp,SF,1447,435,0,0,0,0,0,1,0,0,0,0,0,0,0,0,0,0,1,2,0.00,0.00,0.00,0.00,1.00,0.00,1.00,255,21,0.08,0.07,0.00,0.00,0.00,0.00,0.90,0.00,normal,0,normal,18
16153,0,tcp,http,SF,223,1918,0,0,0,0,0,1,0,0,0,0,0,0,0,0,0,0,10,12,0.00,0.00,0.00,0.00,1.00,0.00,0.17,255,255,1.00,0.00,0.00,0.00,0.00,0.00,0.00,0.00,normal,0,normal,21
18606,0,tcp,http,SF,193,4297,0,0,0,0,0,1,0,0,0,0,0,0,0,0,0,0,22,29,0.00,0.00,0.00,0.00,1.00,0.00,0.07,255,255,1.00,0.00,0.00,0.00,0.00,0.00,0.00,0.00,normal,0,normal,21
6052,0,tcp,http,SF,206,3731,0,0,0,0,0,1,0,0,0,0,0,0,0,0,0,0,7,7,0.00,0.00,0.00,0.00,1.00,0.00,0.00,67,255,1.00,0.00,0.01,0.03,0.00,0.00,0.00,0.00,normal,0,normal,21
15712,0,tcp,http,SF,226,567,0,0,0,0,0,1,0,0,0,0,0,0,0,0,0,0,3,6,0.00,0.00,0.00,0.00,1.00,0.00,0.50,28,255,1.00,0.00,0.04,0.04,0.00,0.00,0.00,0.00,normal,0,normal,21
12092,282,tcp,ftp,SF,159,597,0,0,0,2,0,1,0,0,0,0,0,0,0,0,0,1,1,1,0.00,0.00,0.00,0.00,1.00,0.00,0.00,42,26,0.62,0.07,0.02,0.00,0.00,0.00,0.00,0.00,r2l,0,warezmaster,11
14425,0,tcp,http,SF,312,1044,0,0,0,0,0,1,0,0,0,0,0,0,0,0,0,0,11,11,0.00,0.00,0.00,0.00,1.00,0.00,0.00,11,255,1.00,0.00,0.09,0.01,0.00,0.00,0.00,0.00,normal,0,normal,21
17,0,tcp,http,SF,246,2090,0,0,0,0,0,1,0,0,0,0,0,0,0,0,0,0,16,16,0.00,0.00,0.00,0.00,1.00,0.00,0.00,35,255,1.00,0.00,0.03,0.05,0.00,0.00,0.00,0.00,normal,0,normal,21
2474,0,tcp,http,SF,159,11803,0,0,0,0,0,1,0,0,0,0,0,0,0,0,0,0,1,1,0.00,0.00,0.00,0.00,1.00,0.00,0.00,60,229,1.00,0.00,0.02,0.04,0.00,0.00,0.00,0.00,normal,0,normal,21
4604,0,tcp,other,REJ,0,0,0,0,0,0,0,0,0,0,0,0,0,0,0,0,0,0,511,1,0.14,0.00,0.86,1.00,0.00,1.00,0.00,255,1,0.00,0.91,0.00,0.00,0.13,0.00,0.87,1.00,probe,0,satan,20
2858,0,tcp,http,SF,186,7113,0,0,0,0,0,1,0,0,0,0,0,0,0,0,0,0,8,9,0.00,0.00,0.00,0.00,1.00,0.00,0.22,32,255,1.00,0.00,0.03,0.01,0.00,0.00,0.00,0.00,normal,0,normal,21
5525,0,udp,private,SF,53,54,0,0,0,0,0,0,0,0,0,0,0,0,0,0,0,0,511,511,0.00,0.00,0.00,0.00,1.00,0.00,0.00,255,255,1.00,0.00,0.86,0.00,0.00,0.00,0.00,0.00,normal,0,normal,17
21852,0,tcp,http,SF,261,3998,0,0,0,0,0,1,0,0,0,0,0,0,0,0,0,0,2,20,0.00,0.00,0.00,0.00,1.00,0.00,0.20,18,255,1.00,0.00,0.06,0.02,0.00,0.00,0.00,0.00,normal,0,normal,21
20339,4,tcp,pop_3,SF,28,93,0,0,0,0,0,1,0,0,0,0,0,0,0,0,0,0,1,1,0.00,0.00,0.00,0.00,1.00,0.00,0.00,255,241,0.95,0.01,0.00,0.00,0.00,0.00,0.03,0.00,r2l,0,guess_passwd,17
5630,0,udp,domain_u,SF,45,111,0,0,0,0,0,0,0,0,0,0,0,0,0,0,0,0,111,191,0.00,0.00,0.00,0.00,1.00,0.00,0.01,255,254,1.00,0.01,0.00,0.00,0.00,0.00,0.00,0.00,normal,0,normal,18
19313,3,tcp,imap4,RSTO,0,44,0,0,0,0,0,0,0,0,0,0,0,0,0,0,0,0,2,14,0.00,0.00,1.00,1.00,0.50,1.00,1.00,255,15,0.06,0.03,0.00,0.00,0.00,0.00,0.20,0.87,probe,1,mscan,13
11900,0,tcp,telnet,SF,123,174,0,0,0,0,1,0,0,0,0,0,0,0,0,0,0,0,1,1,0.00,0.00,0.00,0.00,1.00,0.00,0.00,255,136,0.53,0.02,0.00,0.00,0.00,0.00,0.02,0.03,r2l,0,guess_passwd,15
5431,0,udp,private,SF,44,0,0,0,0,0,0,0,0,0,0,0,0,0,0,0,0,0,3,3,0.00,0.00,0.00,0.00,1.00,0.00,0.00,255,254,1.00,0.01,0.02,0.00,0.00,0.00,0.00,0.00,r2l,1,snmpguess,16
2302,0,icmp,eco_i,SF,20,0,0,0,0,0,0,0,0,0,0,0,0,0,0,0,0,0,1,59,0.00,0.00,0.00,0.00,1.00,0.00,1.00,2,102,1.00,0.00,1.00,0.25,0.00,0.00,0.00,0.00,probe,1,saint,15
7445,0,tcp,http,SF,230,8854,0,0,0,0,0,1,0,0,0,0,0,0,0,0,0,0,2,10,0.00,0.00,0.00,0.00,1.00,0.00,0.20,7,255,1.00,0.00,0.14,0.06,0.00,0.00,0.00,0.00,normal,0,normal,21
15398,0,tcp,other,SF,249,0,0,0,0,0,0,0,0,0,0,0,0,0,0,0,0,0,2,2,0.00,0.00,0.00,0.00,1.00,0.00,0.00,255,24,0.09,0.02,0.00,0.00,0.00,0.00,0.09,0.79,u2r,1,httptunnel,5
2557,0,tcp,ftp_data,SF,14189,0,0,0,0,0,0,0,0,0,0,0,0,0,0,0,0,0,8,8,0.00,0.00,0.00,0.00,1.00,0.00,0.00,45,48,0.42,0.07,0.42,0.04,0.00,0.00,0.00,0.00,normal,0,normal,21
3522,23,tcp,telnet,SF,152,6514,0,0,0,0,0,1,0,0,0,0,0,0,0,0,0,0,1,1,0.00,0.00,0.00,0.00,1.00,0.00,0.00,85,1,0.01,0.05,0.01,0.00,0.00,0.00,0.00,0.00,normal,0,normal,21
10862,0,tcp,http,SF,326,194,0,0,0,0,0,1,0,0,0,0,0,0,0,0,0,0,39,39,0.00,0.00,0.00,0.00,1.00,0.00,0.00,50,255,1.00,0.00,0.02,0.01,0.00,0.00,0.00,0.00,normal,0,normal,21
9222,0,tcp,pop_3,SF,66,3010,0,0,0,0,0,1,0,0,0,0,0,0,0,0,0,0,1,1,0.00,0.00,0.00,0.00,1.00,0.00,0.00,101,4,0.02,0.07,0.01,0.50,0.00,0.00,0.00,0.00,normal,0,normal,21
20840,0,tcp,http,SF,196,308,0,0,0,0,0,1,0,0,0,0,0,0,0,0,0,0,7,9,0.00,0.00,0.00,0.00,1.00,0.00,0.22,255,255,1.00,0.00,0.00,0.00,0.00,0.00,0.00,0.00,normal,0,normal,21
11012,4,tcp,pop_3,SF,28,93,0,0,0,0,0,1,0,0,0,0,0,0,0,0,0,0,1,1,0.00,0.00,0.00,0.00,1.00,0.00,0.00,255,239,0.94,0.02,0.00,0.00,0.00,0.00,0.02,0.00,r2l,0,guess_passwd,17
1965,0,udp,private,SF,1,1,0,0,0,0,0,0,0,0,0,0,0,0,0,0,0,0,82,1,0.00,0.00,0.00,0.00,0.01,0.79,0.00,255,1,0.00,0.73,1.00,0.00,0.00,0.00,0.00,0.00,probe,0,satan,16
11105,4,tcp,pop_3,SF,28,93,0,0,0,0,0,1,0,0,0,0,0,0,0,0,0,0,1,1,0.00,0.00,0.00,0.00,1.00,0.00,0.00,255,183,0.72,0.02,0.00,0.00,0.00,0.00,0.11,0.00,r2l,0,guess_passwd,15
12480,0,tcp,http,SF,282,765,0,0,0,0,0,1,0,0,0,0,0,0,0,0,0,0,4,4,0.00,0.00,0.00,0.00,1.00,0.00,0.00,255,255,1.00,0.00,0.00,0.00,0.00,0.00,0.00,0.00,normal,0,normal,21
8214,4,tcp,pop_3,SF,28,93,0,0,0,0,0,1,0,0,0,0,0,0,0,0,0,0,1,1,0.00,0.00,0.00,0.00,1.00,0.00,0.00,255,218,0.85,0.04,0.00,0.00,0.00,0.00,0.00,0.00,r2l,0,guess_passwd,18
15028,0,tcp,http,SF,335,1512,0,0,0,0,0,1,0,0,0,0,0,0,0,0,0,0,22,23,0.00,0.00,0.00,0.00,1.00,0.00,0.09,255,255,1.00,0.00,0.00,0.00,0.00,0.00,0.00,0.00,normal,0,normal,21
2157,283,tcp,ftp,SF,160,597,0,0,0,2,0,1,0,0,0,0,0,0,0,0,0,1,1,1,0.00,0.00,0.00,0.00,1.00,0.00,0.00,152,69,0.45,0.03,0.01,0.00,0.00,0.00,0.00,0.00,r2l,0,warezmaster,11
8587,11,tcp,telnet,SF,118,2427,0,0,0,0,0,1,0,0,0,0,0,0,0,0,0,0,1,1,0.00,0.00,0.00,0.00,1.00,0.00,0.00,255,7,0.03,0.01,0.00,0.00,0.00,0.00,0.02,0.57,r2l,0,guess_passwd,3
10496,0,udp,domain_u,SF,43,43,0,0,0,0,0,0,0,0,0,0,0,0,0,0,0,0,152,231,0.00,0.00,0.00,0.00,1.00,0.00,0.01,255,255,1.00,0.00,0.01,0.00,0.00,0.00,0.00,0.00,normal,0,normal,18
17120,0,tcp,http,SF,204,308,0,0,0,0,0,1,0,0,0,0,0,0,0,0,0,0,6,7,0.00,0.00,0.00,0.00,1.00,0.00,0.29,255,255,1.00,0.00,0.01,0.00,0.00,0.00,0.00,0.00,normal,0,normal,21
8675,0,tcp,ftp_data,SF,4237,0,0,0,0,0,0,0,0,0,0,0,0,0,0,0,0,0,2,2,0.00,0.00,0.00,0.00,1.00,0.00,0.00,87,33,0.38,0.06,0.38,0.00,0.00,0.00,0.01,0.00,normal,0,normal,20
16806,0,udp,private,SF,56,52,0,0,0,0,0,0,0,0,0,0,0,0,0,0,0,0,445,445,0.00,0.00,0.00,0.00,1.00,0.00,0.00,255,255,1.00,0.00,1.00,0.00,0.00,0.00,0.00,0.00,normal,0,normal,17
17052,0,tcp,http,SF,339,2708,0,0,0,0,0,1,0,0,0,0,0,0,0,0,0,0,3,3,0.33,0.33,0.00,0.00,1.00,0.00,0.00,24,255,1.00,0.00,0.04,0.01,0.04,0.00,0.00,0.00,normal,0,normal,18
3767,282,tcp,ftp,SF,164,601,0,0,0,2,0,1,0,0,0,0,0,0,0,0,0,1,1,1,0.00,0.00,0.00,0.00,1.00,0.00,0.00,255,14,0.05,0.02,0.00,0.00,0.65,0.00,0.02,0.00,r2l,0,warezmaster,15
3643,0,tcp,http,SF,295,1129,0,0,0,0,0,1,0,0,0,0,0,0,0,0,0,0,2,2,0.00,0.00,0.00,0.00,1.00,0.00,0.00,180,216,1.00,0.00,0.01,0.01,0.00,0.00,0.00,0.00,normal,0,normal,21
10268,0,tcp,http,SF,334,14386,0,0,0,0,0,1,0,0,0,0,0,0,0,0,0,0,2,7,0.00,0.00,0.00,0.00,1.00,0.00,0.29,13,255,1.00,0.00,0.08,0.04,0.00,0.00,0.00,0.00,normal,0,normal,21
9444,0,tcp,http,SF,244,4930,0,0,0,0,0,1,0,0,0,0,0,0,0,0,0,0,16,16,0.00,0.00,0.00,0.00,1.00,0.00,0.00,255,255,1.00,0.00,0.00,0.00,0.00,0.00,0.00,0.00,normal,0,normal,21
15558,0,tcp,smtp,SF,871,405,0,0,0,0,0,1,0,0,0,0,0,0,0,0,0,0,1,2,0.00,0.00,0.00,0.00,1.00,0.00,1.00,255,65,0.25,0.03,0.01,0.00,0.24,0.00,0.02,0.00,normal,0,normal,18
4103,0,tcp,http,SF,328,189,0,0,0,0,0,1,0,0,0,0,0,0,0,0,0,0,23,24,0.00,0.00,0.00,0.00,1.00,0.00,0.08,255,255,1.00,0.00,0.00,0.00,0.00,0.00,0.00,0.00,normal,0,normal,21
3713,0,tcp,http,SF,241,1484,0,0,0,0,0,1,0,0,0,0,0,0,0,0,0,0,9,10,0.00,0.00,0.00,0.00,1.00,0.00,0.20,255,255,1.00,0.00,0.00,0.00,0.00,0.00,0.00,0.00,normal,0,normal,21
21684,0,tcp,telnet,SF,124,174,0,0,0,0,1,0,0,0,0,0,0,0,0,0,0,0,1,1,0.00,0.00,0.00,0.00,1.00,0.00,0.00,255,26,0.10,0.02,0.00,0.00,0.00,0.00,0.00,0.04,r2l,0,guess_passwd,10
6351,0,udp,private,SF,105,146,0,0,0,0,0,0,0,0,0,0,0,0,0,0,0,0,1,1,0.00,0.00,0.00,0.00,1.00,0.00,0.00,230,228,0.99,0.01,0.00,0.00,0.00,0.00,0.00,0.00,normal,0,normal,18
21974,0,tcp,http,SF,289,2457,0,0,0,0,0,1,0,0,0,0,0,0,0,0,0,0,12,12,0.00,0.00,0.00,0.00,1.00,0.00,0.00,77,255,1.00,0.00,0.01,0.04,0.00,0.00,0.00,0.00,normal,0,normal,21
7351,0,tcp,ftp_data,SF,190,0,0,0,0,0,0,0,0,0,0,0,0,0,0,0,0,0,2,2,0.00,0.00,0.00,0.00,1.00,0.00,0.00,2,2,1.00,0.00,1.00,0.00,0.00,0.00,0.00,0.00,normal,0,normal,7
1882,0,tcp,http,SF,292,729,0,0,0,0,0,1,0,0,0,0,0,0,0,0,0,0,46,46,0.00,0.00,0.00,0.00,1.00,0.00,0.00,255,255,1.00,0.00,0.00,0.00,0.00,0.00,0.00,0.00,normal,0,normal,21
9258,0,udp,domain_u,SF,44,44,0,0,0,0,0,0,0,0,0,0,0,0,0,0,0,0,3,3,0.00,0.00,0.00,0.00,1.00,0.00,0.00,255,255,1.00,0.00,0.00,0.00,0.00,0.00,0.00,0.00,normal,0,normal,21
12689,41,tcp,smtp,SF,11543,1370,0,0,0,0,0,1,0,0,0,0,0,0,0,0,0,0,1,1,0.00,0.00,0.00,0.00,1.00,0.00,0.00,130,193,0.62,0.02,0.01,0.01,0.00,0.00,0.00,0.00,normal,0,normal,21
19774,0,tcp,http,SF,230,299,0,0,0,0,0,1,0,0,0,0,0,0,0,0,0,0,8,8,0.00,0.00,0.00,0.00,1.00,0.00,0.00,255,255,1.00,0.00,0.00,0.00,0.00,0.00,0.00,0.00,normal,0,normal,21
21706,0,udp,private,SF,53,51,0,0,0,0,0,0,0,0,0,0,0,0,0,0,0,0,509,509,0.00,0.00,0.00,0.00,1.00,0.00,0.00,255,255,1.00,0.00,1.00,0.00,0.00,0.00,0.00,0.00,normal,0,normal,17
11914,0,icmp,urp_i,SF,36,0,0,0,0,0,0,0,0,0,0,0,0,0,0,0,0,0,1,1,0.00,0.00,0.00,0.00,1.00,0.00,0.00,255,73,0.29,0.03,0.29,0.00,0.00,0.00,0.00,0.00,normal,0,normal,21
8485,1,tcp,telnet,RSTO,0,15,0,0,0,0,0,0,0,0,0,0,0,0,0,0,0,0,1,7,0.00,0.14,1.00,0.57,1.00,0.00,0.71,177,96,0.37,0.03,0.01,0.02,0.05,0.08,0.85,0.58,probe,1,mscan,13
3262,0,tcp,http,SF,278,311,0,0,0,0,0,1,0,0,0,0,0,0,0,0,0,0,1,1,0.00,0.00,0.00,0.00,1.00,0.00,0.00,31,255,1.00,0.00,0.03,0.04,0.00,0.00,0.00,0.00,normal,0,normal,21
20068,0,tcp,http,SF,297,8526,0,0,0,0,0,1,0,0,0,0,0,0,0,0,0,0,1,16,0.00,0.00,0.00,0.00,1.00,0.00,0.19,122,255,1.00,0.00,0.01,0.02,0.00,0.00,0.00,0.00,normal,0,normal,21
14631,0,udp,private,SF,1,1,0,0,0,0,0,0,0,0,0,0,0,0,0,0,0,0,62,1,0.00,0.00,0.00,0.00,0.02,0.84,0.00,255,1,0.00,0.62,0.99,0.00,0.00,0.00,0.01,0.00,probe,0,satan,15
18661,0,udp,private,SF,50,0,0,0,0,0,0,0,0,0,0,0,0,0,0,0,0,0,4,4,0.00,0.00,0.00,0.00,1.00,0.00,0.00,255,254,1.00,0.01,0.00,0.00,0.00,0.00,0.00,0.00,r2l,1,snmpguess,16
10112,0,tcp,http,SF,332,932,0,0,0,0,0,1,0,0,0,0,0,0,0,0,0,0,28,39,0.00,0.00,0.00,0.00,1.00,0.00,0.05,255,255,1.00,0.00,0.00,0.00,0.00,0.00,0.00,0.00,normal,0,normal,21
4309,0,tcp,http,SF,267,34524,0,0,0,0,0,1,0,0,0,0,0,0,0,0,0,0,1,1,0.00,0.00,0.00,0.00,1.00,0.00,0.00,255,255,1.00,0.00,0.00,0.00,0.00,0.00,0.00,0.00,normal,0,normal,21
8043,0,tcp,http,SF,258,3581,0,0,0,0,0,1,0,0,0,0,0,0,0,0,0,0,1,3,0.00,0.00,0.00,0.00,1.00,0.00,1.00,11,255,1.00,0.00,0.09,0.03,0.00,0.00,0.00,0.00,normal,0,normal,21
10321,0,tcp,ftp_data,SF,7233,0,0,0,0,0,0,0,0,0,0,0,0,0,0,0,0,0,10,10,0.00,0.00,0.00,0.00,1.00,0.00,0.00,117,57,0.21,0.05,0.21,0.04,0.01,0.02,0.00,0.00,normal,0,normal,21
5537,2359,udp,other,SF,146,105,0,0,0,0,0,0,0,0,0,0,0,0,0,0,0,0,1,1,0.00,0.00,0.00,0.00,1.00,0.00,0.00,255,2,0.01,0.06,0.11,0.00,0.00,0.00,0.01,0.00,normal,0,normal,20
13148,0,udp,private,SF,53,49,0,0,0,0,0,0,0,0,0,0,0,0,0,0,0,0,511,511,0.00,0.00,0.00,0.00,1.00,0.00,0.00,255,255,1.00,0.00,0.84,0.00,0.00,0.00,0.00,0.00,normal,0,normal,17
13183,40,tcp,telnet,SF,126,10446,0,0,0,0,0,1,0,0,0,0,0,0,0,0,0,0,1,1,0.00,0.00,0.00,0.00,1.00,0.00,0.00,152,3,0.02,0.03,0.01,0.00,0.00,0.00,0.00,0.00,normal,0,normal,20
12372,0,tcp,http,SF,316,365,0,0,0,0,0,1,0,0,0,0,0,0,0,0,0,0,8,8,0.00,0.00,0.00,0.00,1.00,0.00,0.00,255,255,1.00,0.00,0.00,0.00,0.00,0.00,0.00,0.00,normal,0,normal,21
9540,280,tcp,ftp_data,SF,283618,0,0,0,0,0,0,0,0,0,0,0,0,0,0,0,0,0,2,2,0.00,0.00,0.00,0.00,1.00,0.00,0.00,3,2,0.67,0.67,0.67,0.00,0.00,0.00,0.00,0.00,r2l,0,warezmaster,5
1385,0,tcp,ftp_data,SF,3909,0,0,0,0,0,0,0,0,0,0,0,0,0,0,0,0,0,7,6,0.00,0.00,0.00,0.00,0.86,0.29,0.00,135,28,0.21,0.06,0.21,0.00,0.00,0.00,0.00,0.00,normal,0,normal,21
21196,1,tcp,smtp,SF,832,490,0,0,0,0,0,1,0,0,0,0,0,0,0,0,0,0,1,1,0.00,0.00,0.00,0.00,1.00,0.00,0.00,142,88,0.09,0.70,0.01,0.02,0.01,0.00,0.78,0.01,normal,0,normal,20
4463,0,tcp,http,SF,313,2042,0,0,0,0,0,1,0,0,0,0,0,0,0,0,0,0,17,23,0.00,0.00,0.00,0.00,1.00,0.00,0.09,174,255,1.00,0.00,0.01,0.01,0.00,0.00,0.00,0.00,normal,0,normal,21
12178,0,tcp,http,SF,282,799,0,0,0,0,0,1,0,0,0,0,0,0,0,0,0,0,3,3,0.00,0.00,0.00,0.00,1.00,0.00,0.00,3,255,1.00,0.00,0.33,0.06,0.00,0.00,0.00,0.00,normal,0,normal,21
18306,0,tcp,ftp_data,SF,190,0,0,0,0,0,0,0,0,0,0,0,0,0,0,0,0,0,2,2,0.00,0.00,0.00,0.00,1.00,0.00,0.00,108,140,0.61,0.04,0.61,0.01,0.00,0.00,0.00,0.00,normal,0,normal,21
9491,0,tcp,smtp,SF,2470,327,0,0,0,0,0,1,0,0,0,0,0,0,0,0,0,0,1,1,0.00,0.00,0.00,0.00,1.00,0.00,0.00,93,152,0.65,0.03,0.01,0.02,0.00,0.05,0.00,0.00,normal,0,normal,21
570,0,tcp,http,SF,257,5320,0,0,0,0,0,1,0,0,0,0,0,0,0,0,0,0,15,15,0.07,0.07,0.00,0.00,1.00,0.00,0.00,255,255,1.00,0.00,0.00,0.00,0.00,0.00,0.00,0.00,normal,0,normal,21
16527,0,tcp,http,SF,358,1437,0,0,0,0,0,1,0,0,0,0,0,0,0,0,0,0,2,2,0.00,0.00,0.00,0.00,1.00,0.00,0.00,176,253,1.00,0.00,0.01,0.02,0.00,0.00,0.00,0.00,normal,0,normal,21
20908,0,udp,domain_u,SF,45,82,0,0,0,0,0,0,0,0,0,0,0,0,0,0,0,0,156,155,0.00,0.00,0.00,0.00,0.99,0.01,0.00,255,253,0.99,0.01,0.01,0.00,0.00,0.00,0.00,0.00,normal,0,normal,18
19813,0,tcp,imap4,REJ,0,0,0,0,0,0,0,0,0,0,0,0,0,0,0,0,0,0,2,6,0.00,0.00,1.00,0.83,0.50,1.00,1.00,13,59,0.23,0.38,0.08,0.03,0.00,0.00,0.77,1.00,probe,1,mscan,13
7947,0,tcp,http,SF,233,1443,0,0,0,0,0,1,0,0,0,0,0,0,0,0,0,0,24,33,0.00,0.00,0.00,0.00,1.00,0.00,0.09,255,255,1.00,0.00,0.00,0.00,0.00,0.00,0.00,0.00,normal,0,normal,21
19288,0,tcp,private,REJ,0,0,0,0,0,0,0,0,0,0,0,0,0,0,0,0,0,0,504,1,0.05,0.00,0.93,1.00,0.00,1.00,0.00,255,1,0.00,1.00,0.00,0.00,0.00,0.00,0.96,1.00,probe,0,satan,20
6768,0,icmp,eco_i,SF,20,0,0,0,0,0,0,0,0,0,0,0,0,0,0,0,0,0,1,51,0.00,0.00,0.00,0.00,1.00,0.00,1.00,2,36,1.00,0.00,1.00,0.31,0.00,0.00,0.00,0.00,probe,1,saint,16
1457,1,tcp,telnet,SF,24,613,0,0,0,0,0,0,0,0,0,0,0,0,0,0,0,0,4,8,0.00,0.00,0.75,0.50,0.50,0.75,0.50,140,87,0.30,0.04,0.01,0.02,0.01,0.00,0.91,0.66,probe,1,mscan,8
3542,0,udp,domain_u,SF,36,0,0,0,0,0,0,0,0,0,0,0,0,0,0,0,0,0,13,13,0.00,0.00,0.00,0.00,1.00,0.00,0.00,65,65,1.00,0.00,1.00,0.00,0.00,0.00,0.00,0.00,normal,0,normal,21
13802,281,tcp,ftp,SF,158,595,0,0,0,2,0,1,0,0,0,0,0,0,0,0,0,1,1,1,0.00,0.00,0.00,0.00,1.00,0.00,0.00,123,56,0.46,0.03,0.01,0.00,0.00,0.00,0.00,0.00,r2l,0,warezmaster,11
3577,0,tcp,ftp_data,SF,12,0,0,0,0,0,0,0,0,0,0,0,0,0,0,0,0,0,1,1,0.00,0.00,0.00,0.00,1.00,0.00,0.00,3,13,1.00,0.00,1.00,0.23,0.00,0.00,0.00,0.00,r2l,0,warezmaster,16
10715,0,tcp,pop_3,S0,0,0,0,0,0,0,0,0,0,0,0,0,0,0,0,0,0,0,1,4,1.00,1.00,0.00,0.00,1.00,0.00,1.00,36,63,0.33,0.08,0.03,0.03,1.00,0.19,0.00,0.81,probe,1,mscan,14
19592,0,tcp,http,SF,278,2494,0,0,0,0,0,1,0,0,0,0,0,0,0,0,0,0,12,13,0.00,0.00,0.00,0.00,1.00,0.00,0.15,110,255,1.00,0.00,0.01,0.02,0.00,0.00,0.00,0.00,normal,0,normal,21
802,0,tcp,http,SF,235,3702,0,0,0,0,0,1,0,0,0,0,0,0,0,0,0,0,2,2,0.00,0.00,0.00,0.00,1.00,0.00,0.00,24,177,1.00,0.00,0.04,0.05,0.00,0.00,0.00,0.00,normal,0,normal,21
6157,4,tcp,pop_3,SF,28,93,0,0,0,0,0,1,0,0,0,0,0,0,0,0,0,0,1,1,0.00,0.00,0.00,0.00,1.00,0.00,0.00,255,218,0.85,0.02,0.00,0.00,0.00,0.00,0.03,0.00,r2l,0,guess_passwd,18
6789,0,udp,private,SF,105,146,0,0,0,0,0,0,0,0,0,0,0,0,0,0,0,0,1,1,0.00,0.00,0.00,0.00,1.00,0.00,0.00,13,13,1.00,0.00,0.08,0.00,0.00,0.00,0.00,0.00,r2l,1,snmpgetattack,1
6077,4,tcp,pop_3,SF,32,93,0,0,0,0,0,1,0,0,0,0,0,0,0,0,0,0,1,1,0.00,0.00,0.00,0.00,1.00,0.00,0.00,109,94,0.85,0.03,0.01,0.02,0.00,0.00,0.09,0.00,r2l,0,guess_passwd,7
17645,0,tcp,finger,SF,9,143,0,0,0,0,0,0,0,0,0,0,0,0,0,0,0,0,1,1,0.00,0.00,0.00,0.00,1.00,0.00,0.00,130,7,0.03,0.05,0.01,0.29,0.00,0.00,0.00,0.00,normal,0,normal,21
22251,0,udp,private,SF,1,1,0,0,0,0,0,0,0,0,0,0,0,0,0,0,0,0,136,1,0.00,0.00,0.00,0.00,0.01,1.00,0.00,255,1,0.00,0.78,1.00,0.00,0.00,0.00,0.00,0.00,probe,0,satan,18
14251,0,tcp,http,SF,282,476,0,0,0,0,0,1,0,0,0,0,0,0,0,0,0,0,7,7,0.00,0.00,0.00,0.00,1.00,0.00,0.00,133,255,1.00,0.00,0.01,0.03,0.00,0.00,0.00,0.00,normal,0,normal,21
13193,0,tcp,http,SF,314,7332,0,0,0,0,0,1,0,0,0,0,0,0,0,0,0,0,17,44,0.00,0.00,0.00,0.00,1.00,0.00,0.05,255,255,1.00,0.00,0.00,0.00,0.00,0.00,0.00,0.00,normal,0,normal,21
2760,0,tcp,private,REJ,0,0,0,0,0,0,0,0,0,0,0,0,0,0,0,0,0,0,315,1,0.15,0.00,0.82,1.00,0.00,1.00,0.00,255,1,0.00,0.98,0.00,0.00,0.19,0.00,0.78,1.00,probe,0,satan,18
6646,0,tcp,smtp,SF,1627,330,0,0,0,0,0,1,0,0,0,0,0,0,0,0,0,0,1,1,0.00,0.00,0.00,0.00,1.00,0.00,0.00,109,190,0.78,0.05,0.01,0.01,0.00,0.00,0.00,0.00,normal,0,normal,21
2285,0,tcp,http,SF,220,1497,0,0,0,0,0,1,0,0,0,0,0,0,0,0,0,0,13,13,0.00,0.00,0.00,0.00,1.00,0.00,0.00,101,255,1.00,0.00,0.01,0.02,0.00,0.00,0.00,0.00,normal,0,normal,21
15672,0,udp,private,SF,43,0,0,0,0,0,0,0,0,0,0,0,0,0,0,0,0,0,4,4,0.00,0.00,0.00,0.00,1.00,0.00,0.00,255,254,1.00,0.01,0.02,0.00,0.00,0.00,0.00,0.00,r2l,1,snmpguess,16
3357,0,tcp,http,SF,194,2616,0,0,0,0,0,1,0,0,0,0,0,0,0,0,0,0,8,9,0.00,0.00,0.00,0.00,1.00,0.00,0.22,255,255,1.00,0.00,0.00,0.00,0.00,0.00,0.00,0.00,normal,0,normal,21
1883,281,tcp,ftp,SF,164,599,0,0,0,2,0,1,0,0,0,0,0,0,0,0,0,1,1,1,0.00,0.00,0.00,0.00,1.00,0.00,0.00,14,13,0.93,0.14,0.07,0.00,0.00,0.00,0.00,0.00,r2l,0,warezmaster,10
21881,0,tcp,telnet,SF,125,174,0,0,0,0,1,0,0,0,0,0,0,0,0,0,0,0,1,1,0.00,0.00,0.00,0.00,1.00,0.00,0.00,255,247,0.97,0.01,0.00,0.00,0.00,0.00,0.02,0.02,r2l,0,guess_passwd,16
2475,0,tcp,http,SF,215,2430,0,0,0,0,0,1,0,0,0,0,0,0,0,0,0,0,28,29,0.00,0.00,0.00,0.00,1.00,0.00,0.07,28,255,1.00,0.00,0.04,0.06,0.00,0.00,0.00,0.00,normal,0,normal,21
533,0,tcp,ftp_data,SF,252,0,0,0,0,0,0,0,0,0,0,0,0,0,0,0,0,0,2,2,0.00,0.00,0.00,0.00,1.00,0.00,0.00,65,7,0.11,0.08,0.11,0.00,0.00,0.00,0.00,0.00,normal,0,normal,20
13878,0,tcp,http,SF,320,370,0,0,0,0,0,1,0,0,0,0,0,0,0,0,0,0,17,17,0.00,0.00,0.00,0.00,1.00,0.00,0.00,194,255,1.00,0.00,0.01,0.01,0.00,0.00,0.00,0.00,normal,0,normal,21
15838,0,tcp,http,SF,290,313,0,0,0,0,0,1,0,0,0,0,0,0,0,0,0,0,20,20,0.00,0.00,0.00,0.00,1.00,0.00,0.00,255,255,1.00,0.00,0.00,0.00,0.00,0.00,0.00,0.00,normal,0,normal,21
12183,0,tcp,pop_3,RSTO,0,36,0,0,0,0,0,1,0,0,0,0,0,0,0,0,0,0,1,7,0.00,0.00,1.00,1.00,1.00,0.00,1.00,76,58,0.28,0.07,0.01,0.03,0.00,0.00,0.89,0.98,probe,1,mscan,11
7889,0,tcp,http,SF,220,3542,0,0,0,0,0,1,0,0,0,0,0,0,0,0,0,0,15,18,0.00,0.00,0.00,0.00,1.00,0.00,0.22,255,255,1.00,0.00,0.00,0.00,0.00,0.00,0.00,0.00,normal,0,normal,21
8805,0,udp,private,SF,46,0,0,0,0,0,0,0,0,0,0,0,0,0,0,0,0,0,3,3,0.00,0.00,0.00,0.00,1.00,0.00,0.00,255,255,1.00,0.00,0.01,0.00,0.00,0.00,0.00,0.00,r2l,1,snmpguess,17
619,0,tcp,http,SF,241,775,0,0,0,0,0,1,0,0,0,0,0,0,0,0,0,0,7,7,0.00,0.00,0.00,0.00,1.00,0.00,0.00,255,255,1.00,0.00,0.00,0.00,0.00,0.00,0.00,0.00,normal,0,normal,21
17480,4,tcp,pop_3,SF,30,93,0,0,0,0,0,1,0,0,0,0,0,0,0,0,0,0,1,1,0.00,0.00,0.00,0.00,1.00,0.00,0.00,255,235,0.92,0.04,0.00,0.00,0.00,0.00,0.00,0.00,r2l,0,guess_passwd,17
8354,0,tcp,http,SF,297,5887,0,0,0,0,0,1,0,0,0,0,0,0,0,0,0,0,14,14,0.00,0.00,0.00,0.00,1.00,0.00,0.00,27,255,1.00,0.00,0.04,0.04,0.00,0.00,0.00,0.00,normal,0,normal,21
20875,280,tcp,ftp_data,SF,283618,0,0,0,0,1,0,0,0,0,0,0,0,0,0,0,0,0,2,2,0.00,0.00,0.00,0.00,1.00,0.00,0.00,4,12,1.00,0.00,1.00,0.17,0.00,0.00,0.00,0.00,r2l,0,warezmaster,19
19002,0,udp,private,SF,47,44,0,0,0,0,0,0,0,0,0,0,0,0,0,0,0,0,98,98,0.00,0.00,0.00,0.00,1.00,0.00,0.00,255,255,1.00,0.00,0.57,0.00,0.00,0.00,0.00,0.00,normal,0,normal,14
14906,0,tcp,telnet,SF,123,174,0,0,0,0,1,0,0,0,0,0,0,0,0,0,0,0,1,1,0.00,0.00,0.00,0.00,1.00,0.00,0.00,255,255,1.00,0.00,0.00,0.00,0.00,0.00,0.02,0.02,r2l,0,guess_passwd,16
5235,0,tcp,http,SF,314,274,0,0,0,0,0,1,0,0,0,0,0,0,0,0,0,0,11,11,0.00,0.00,0.00,0.00,1.00,0.00,0.00,255,255,1.00,0.00,0.01,0.00,0.00,0.00,0.00,0.00,normal,0,normal,21
8089,0,tcp,ftp_data,SF,12,0,0,0,0,0,0,0,0,0,0,0,0,0,0,0,0,0,2,2,0.00,0.00,0.00,0.00,1.00,0.00,0.00,8,24,1.00,0.00,1.00,0.12,0.00,0.00,0.00,0.00,r2l,0,warezmaster,12
10944,1,tcp,smtp,SF,29194,334,0,0,0,0,0,1,0,0,0,0,0,0,0,0,0,0,1,3,0.00,0.00,0.00,0.00,1.00,0.00,1.00,190,182,0.71,0.03,0.01,0.01,0.00,0.00,0.01,0.04,normal,0,normal,21
3287,0,tcp,http,SF,422,1354,0,0,0,0,0,1,0,0,0,0,0,0,0,0,0,0,2,11,0.00,0.00,0.00,0.00,1.00,0.00,0.27,17,255,1.00,0.00,0.06,0.05,0.00,0.00,0.00,0.00,normal,0,normal,21
20194,0,udp,domain_u,SF,46,151,0,0,0,0,0,0,0,0,0,0,0,0,0,0,0,0,75,155,0.00,0.00,0.00,0.00,1.00,0.00,0.01,255,255,1.00,0.00,0.00,0.00,0.00,0.00,0.00,0.00,normal,0,normal,20
15586,0,tcp,private,REJ,0,0,0,0,0,0,0,0,0,0,0,0,0,0,0,0,0,0,35,1,0.00,0.00,1.00,1.00,0.03,0.97,0.00,44,1,0.02,0.82,0.80,0.00,0.00,0.00,0.80,1.00,probe,0,portsweep,14
19827,0,tcp,http,SF,228,2256,0,0,0,0,0,1,0,0,0,0,0,0,0,0,0,0,3,13,0.00,0.00,0.00,0.00,1.00,0.00,0.23,87,87,1.00,0.00,0.01,0.00,0.00,0.00,0.00,0.00,normal,0,normal,21
8222,0,udp,private,SF,1,0,0,0,0,0,0,0,0,0,0,0,0,0,0,0,0,0,159,79,0.00,0.00,0.00,0.00,0.50,0.26,0.00,255,83,0.33,0.49,1.00,0.00,0.00,0.00,0.00,0.00,normal,0,normal,3
19302,0,tcp,http,SF,290,611,0,0,0,0,0,1,0,0,0,0,0,0,0,0,0,0,3,3,0.00,0.00,0.00,0.00,1.00,0.00,0.00,115,255,1.00,0.00,0.01,0.03,0.00,0.00,0.00,0.00,normal,0,normal,21
3794,0,tcp,http,SF,300,2438,0,0,0,0,0,1,0,0,0,0,0,0,0,0,0,0,15,59,0.00,0.00,0.00,0.00,1.00,0.00,0.03,255,255,1.00,0.00,0.00,0.00,0.00,0.00,0.00,0.00,normal,0,normal,21
5121,0,tcp,telnet,SF,127,174,0,0,0,0,1,0,0,0,0,0,0,0,0,0,0,0,1,1,0.00,0.00,0.00,0.00,1.00,0.00,0.00,255,8,0.03,0.02,0.00,0.00,0.00,0.00,0.00,0.12,r2l,0,guess_passwd,8
7798,0,tcp,http,SF,235,63112,0,0,0,0,0,1,0,0,0,0,0,0,0,0,0,0,3,3,0.00,0.00,0.00,0.00,1.00,0.00,0.00,233,255,1.00,0.00,0.00,0.01,0.00,0.00,0.00,0.00,normal,0,normal,21
8362,0,tcp,other,REJ,0,0,0,0,0,0,0,0,0,0,0,0,0,0,0,0,0,0,1,1,0.00,0.00,1.00,1.00,1.00,0.00,0.00,84,7,0.08,0.04,0.01,0.00,0.00,0.00,0.08,1.00,u2r,1,httptunnel,12
16526,5,tcp,pop_3,SF,28,93,0,0,0,0,0,1,0,0,0,0,0,0,0,0,0,0,1,1,0.00,0.00,0.00,0.00,1.00,0.00,0.00,255,253,0.99,0.01,0.00,0.00,0.00,0.00,0.00,0.00,r2l,0,guess_passwd,18
16374,0,tcp,http,SF,206,11938,0,0,0,0,0,1,0,0,0,0,0,0,0,0,0,0,1,1,0.00,0.00,0.00,0.00,1.00,0.00,0.00,198,255,1.00,0.00,0.01,0.01,0.00,0.00,0.00,0.00,normal,0,normal,21
13989,0,icmp,ecr_i,SF,64,0,0,0,0,0,0,0,0,0,0,0,0,0,0,0,0,0,3,3,0.00,0.00,0.00,0.00,1.00,0.00,0.00,255,3,0.01,0.01,0.01,0.00,0.00,0.00,0.00,0.00,normal,0,normal,14
17277,0,tcp,telnet,SF,123,174,0,0,0,0,1,0,0,0,0,0,0,0,0,0,0,0,1,1,0.00,0.00,0.00,0.00,1.00,0.00,0.00,255,60,0.24,0.02,0.00,0.00,0.00,0.00,0.01,0.05,r2l,0,guess_passwd,11
9878,0,tcp,smtp,SF,1151,490,0,0,0,0,0,1,0,0,0,0,0,0,0,0,0,0,1,3,0.00,0.00,0.00,0.00,1.00,0.00,1.00,255,10,0.04,0.89,0.00,0.00,0.00,0.00,0.85,0.00,normal,0,normal,18
16279,0,tcp,http,SF,217,1132,0,0,0,0,0,1,0,0,0,0,0,0,0,0,0,0,7,7,0.00,0.00,0.00,0.00,1.00,0.00,0.00,35,255,1.00,0.00,0.03,0.05,0.00,0.01,0.00,0.00,normal,0,normal,21
8790,0,tcp,http,SF,210,566,0,0,0,0,0,1,0,0,0,0,0,0,0,0,0,0,7,10,0.00,0.00,0.00,0.00,1.00,0.00,0.20,27,255,1.00,0.00,0.04,0.02,0.00,0.00,0.00,0.00,normal,0,normal,21
3236,0,udp,domain_u,SF,45,136,0,0,0,0,0,0,0,0,0,0,0,0,0,0,0,0,29,108,0.00,0.00,0.00,0.00,1.00,0.00,0.02,255,254,1.00,0.01,0.00,0.00,0.00,0.00,0.00,0.00,normal,0,normal,21
18532,3,tcp,ftp,SF,12,95,0,0,0,0,0,0,0,0,0,0,0,0,0,0,0,1,1,1,0.00,0.00,0.00,0.00,1.00,0.00,0.00,255,3,0.01,0.02,0.00,0.00,0.00,0.00,0.00,0.33,r2l,0,multihop,8
1318,30,tcp,telnet,SF,162,32572,0,0,0,3,0,1,0,1,0,0,0,0,0,0,0,0,1,1,0.00,0.00,0.00,0.00,1.00,0.00,0.00,3,72,0.33,0.67,0.33,0.03,0.00,0.00,0.00,0.46,normal,0,normal,20
20566,0,tcp,http,SF,214,1308,0,0,0,0,0,1,0,0,0,0,0,0,0,0,0,0,7,8,0.00,0.00,0.00,0.00,1.00,0.00,0.25,196,196,1.00,0.00,0.01,0.00,0.00,0.00,0.00,0.00,normal,0,normal,21
17142,282,tcp,ftp,SF,160,597,0,0,0,2,0,1,0,0,0,0,0,0,0,0,0,1,1,1,0.00,0.00,0.00,0.00,1.00,0.00,0.00,255,48,0.19,0.03,0.00,0.00,0.18,0.00,0.02,0.00,r2l,0,warezmaster,11
21875,0,tcp,http,SF,166,6094,0,0,0,0,0,1,0,0,0,0,0,0,0,0,0,0,1,9,0.00,0.00,0.00,0.00,1.00,0.00,0.22,24,253,1.00,0.00,0.04,0.02,0.00,0.00,0.00,0.00,normal,0,normal,21
19556,0,tcp,http,SF,226,3894,0,0,0,0,0,1,0,0,0,0,0,0,0,0,0,0,2,3,0.00,0.00,0.00,0.00,1.00,0.00,0.67,20,255,1.00,0.00,0.05,0.04,0.00,0.00,0.00,0.00,normal,0,normal,21
5413,0,udp,domain_u,SF,46,130,0,0,0,0,0,0,0,0,0,0,0,0,0,0,0,0,37,57,0.00,0.00,0.00,0.00,1.00,0.00,0.04,255,255,1.00,0.00,0.00,0.00,0.00,0.00,0.00,0.00,normal,0,normal,21
15511,0,tcp,http,SF,227,182,0,0,0,0,0,1,0,0,0,0,0,0,0,0,0,0,8,8,0.00,0.00,0.00,0.00,1.00,0.00,0.00,255,255,1.00,0.00,0.00,0.00,0.00,0.00,0.00,0.00,normal,0,normal,21
9079,0,udp,domain_u,SF,43,72,0,0,0,0,0,0,0,0,0,0,0,0,0,0,0,0,228,228,0.00,0.00,0.00,0.00,1.00,0.00,0.00,255,255,1.00,0.00,0.01,0.00,0.00,0.00,0.00,0.00,normal,0,normal,18
6711,4,tcp,pop_3,SF,28,93,0,0,0,0,0,1,0,0,0,0,0,0,0,0,0,0,1,2,0.00,0.00,0.00,0.00,1.00,0.00,1.00,255,246,0.96,0.01,0.00,0.00,0.00,0.00,0.00,0.00,r2l,0,guess_passwd,15
8152,281,tcp,ftp,SF,166,601,0,0,0,2,0,1,0,0,0,0,0,0,0,0,0,1,1,1,0.00,0.00,0.00,0.00,1.00,0.00,0.00,255,46,0.18,0.02,0.00,0.00,0.00,0.00,0.53,0.00,r2l,0,warezmaster,14
17394,0,tcp,http,SF,254,14939,0,0,0,0,0,1,0,0,0,0,0,0,0,0,0,0,1,1,0.00,0.00,0.00,0.00,1.00,0.00,0.00,1,255,1.00,0.00,1.00,0.01,0.00,0.00,0.00,0.00,normal,0,normal,21
8916,0,tcp,http,SF,315,2090,0,0,0,0,0,1,0,0,0,0,0,0,0,0,0,0,7,7,0.00,0.00,0.00,0.00,1.00,0.00,0.00,255,255,1.00,0.00,0.00,0.00,0.00,0.00,0.00,0.00,normal,0,normal,21
12888,0,tcp,ftp_data,SF,738,0,0,0,0,0,0,0,0,0,0,0,0,0,0,0,0,0,2,2,0.00,0.00,0.00,0.00,1.00,0.00,0.00,172,56,0.29,0.03,0.28,0.04,0.00,0.00,0.01,0.00,normal,0,normal,20
2038,0,tcp,http,SF,204,1672,0,0,0,0,0,1,0,0,0,0,0,0,0,0,0,0,9,14,0.00,0.00,0.00,0.00,1.00,0.00,0.14,255,255,1.00,0.00,0.00,0.00,0.00,0.00,0.00,0.00,normal,0,normal,21
10510,0,tcp,http,SF,325,274,0,0,0,0,0,1,0,0,0,0,0,0,0,0,0,0,2,19,0.00,0.00,0.00,0.00,1.00,0.00,0.11,255,233,0.91,0.02,0.00,0.00,0.00,0.00,0.05,0.00,normal,0,normal,18
7490,0,tcp,http,SF,175,385,0,0,0,0,0,1,0,0,0,0,0,0,0,0,0,0,3,7,0.00,0.00,0.00,0.00,1.00,0.00,0.43,17,247,1.00,0.00,0.06,0.02,0.00,0.00,0.00,0.00,normal,0,normal,21
8270,0,tcp,http,SF,245,6043,0,0,0,0,0,1,0,0,0,0,0,0,0,0,0,0,1,1,0.00,0.00,0.00,0.00,1.00,0.00,0.00,229,255,1.00,0.00,0.00,0.01,0.00,0.00,0.00,0.00,normal,0,normal,21
534,288,tcp,ftp,SF,160,597,0,0,0,2,0,1,0,0,0,0,0,0,0,0,0,1,1,1,0.00,0.00,0.00,0.00,1.00,0.00,0.00,101,6,0.06,0.62,0.01,0.00,0.00,0.00,0.62,0.17,r2l,0,warezmaster,7
3679,280,tcp,ftp_data,SF,283618,0,0,0,0,1,0,0,0,0,0,0,0,0,0,0,0,0,2,2,0.00,0.00,0.00,0.00,1.00,0.00,0.00,11,10,0.91,0.18,0.91,0.00,0.00,0.00,0.00,0.00,r2l,0,warezmaster,6
738,0,tcp,ftp_data,SF,139508,0,0,0,0,0,0,0,0,0,0,0,0,0,0,0,0,0,1,1,0.00,0.00,0.00,0.00,1.00,0.00,0.00,3,1,0.33,0.67,0.33,0.00,0.00,0.00,0.67,0.00,r2l,1,named,0
11482,0,tcp,telnet,SF,122,174,0,0,0,0,1,0,0,0,0,0,0,0,0,0,0,0,2,2,0.00,0.00,0.50,0.50,1.00,0.00,0.00,255,38,0.15,0.02,0.00,0.00,0.00,0.00,0.01,0.05,r2l,0,guess_passwd,12
10201,280,tcp,ftp_data,SF,283618,0,0,0,0,0,0,0,0,0,0,0,0,0,0,0,0,0,2,2,0.00,0.00,0.00,0.00,1.00,0.00,0.00,21,4,0.19,0.10,0.19,0.00,0.00,0.00,0.00,0.00,r2l,0,warezmaster,3
2898,0,tcp,ftp_data,SF,12,0,0,0,0,0,0,0,0,0,0,0,0,0,0,0,0,0,2,2,0.00,0.00,0.00,0.00,1.00,0.00,0.00,8,24,1.00,0.00,1.00,0.17,0.00,0.00,0.00,0.00,r2l,0,warezmaster,12
3857,0,tcp,auth,SF,10,35,0,0,0,0,0,0,0,0,0,0,0,0,0,0,0,0,2,1,0.00,0.00,0.00,0.00,0.50,1.00,0.00,255,2,0.01,0.03,0.00,0.00,0.00,0.00,0.00,0.00,r2l,1,sendmail,1
13053,0,tcp,other,REJ,0,0,0,0,0,0,0,0,0,0,0,0,0,0,0,0,0,0,1,1,0.00,0.00,1.00,1.00,1.00,0.00,0.00,86,8,0.09,0.03,0.01,0.00,0.00,0.00,0.09,1.00,u2r,1,httptunnel,11
15519,282,tcp,ftp,SF,161,597,0,0,0,2,0,1,0,0,0,0,0,0,0,0,0,1,1,1,0.00,0.00,0.00,0.00,1.00,0.00,0.00,255,11,0.04,0.02,0.00,0.00,0.28,0.00,0.15,0.00,r2l,0,warezmaster,15
15474,3,tcp,pop_3,SF,27,93,0,0,0,0,0,1,0,0,0,0,0,0,0,0,0,0,1,1,0.00,0.00,0.00,0.00,1.00,0.00,0.00,255,210,0.82,0.02,0.00,0.00,0.00,0.00,0.04,0.00,r2l,0,guess_passwd,18
6811,0,tcp,other,REJ,0,0,0,0,0,0,0,0,0,0,0,0,0,0,0,0,0,0,1,1,0.00,0.00,1.00,1.00,1.00,0.00,0.00,255,48,0.19,0.02,0.00,0.00,0.00,0.00,0.17,0.83,u2r,1,httptunnel,15
18697,0,tcp,ftp_data,SF,12,0,0,0,0,0,0,0,0,0,0,0,0,0,0,0,0,0,1,1,0.00,0.00,0.00,0.00,1.00,0.00,0.00,3,3,1.00,0.00,1.00,0.00,0.00,0.00,0.00,0.00,r2l,0,warezmaster,17
19575,4,tcp,pop_3,SF,26,93,0,0,0,0,0,1,0,0,0,0,0,0,0,0,0,0,1,1,0.00,0.00,0.00,0.00,1.00,0.00,0.00,201,182,0.91,0.01,0.00,0.00,0.00,0.00,0.05,0.00,r2l,0,guess_passwd,10
22025,281,tcp,ftp,SF,162,597,0,0,0,2,0,1,0,0,0,0,0,0,0,0,0,1,1,1,0.00,0.00,0.00,0.00,1.00,0.00,0.00,255,17,0.07,0.94,0.00,0.00,0.00,0.00,0.93,0.00,r2l,0,warezmaster,12
22284,14,tcp,pop_3,SF,26,93,0,0,0,0,0,1,0,0,0,0,0,0,0,0,0,0,1,1,0.00,0.00,0.00,0.00,1.00,0.00,0.00,110,95,0.85,0.03,0.01,0.02,0.00,0.00,0.09,0.00,r2l,0,guess_passwd,7
6492,0,udp,private,SF,48,0,0,0,0,0,0,0,0,0,0,0,0,0,0,0,0,0,5,5,0.00,0.00,0.00,0.00,1.00,0.00,0.00,255,255,1.00,0.00,0.01,0.00,0.00,0.00,0.00,0.00,r2l,1,snmpguess,15
21949,0,tcp,telnet,SF,122,174,0,0,0,0,1,0,0,0,0,0,0,0,0,0,0,0,2,2,0.00,0.00,0.00,0.00,1.00,0.00,0.00,255,198,0.78,0.02,0.00,0.00,0.00,0.00,0.02,0.03,r2l,0,guess_passwd,15
908,282,tcp,ftp,SF,162,599,0,0,0,2,0,1,0,0,0,0,0,0,0,0,0,1,4,1,0.00,0.00,0.00,0.00,0.25,0.50,0.00,255,1,0.00,0.04,0.00,0.00,0.00,0.00,0.04,0.00,r2l,0,warezmaster,11
11386,4,tcp,pop_3,SF,26,93,0,0,0,0,0,1,0,0,0,0,0,0,0,0,0,0,1,1,0.00,0.00,0.00,0.00,1.00,0.00,0.00,173,155,0.89,0.02,0.01,0.01,0.00,0.00,0.06,0.00,r2l,0,guess_passwd,11
14841,282,tcp,ftp,SF,158,595,0,0,0,2,0,1,0,0,0,0,0,0,0,0,0,1,1,1,0.00,0.00,0.00,0.00,1.00,0.00,0.00,255,48,0.19,0.02,0.00,0.00,0.00,0.00,0.55,0.00,r2l,0,warezmaster,14
14873,0,udp,private,SF,47,0,0,0,0,0,0,0,0,0,0,0,0,0,0,0,0,0,3,3,0.00,0.00,0.00,0.00,1.00,0.00,0.00,255,253,0.99,0.01,0.01,0.00,0.00,0.00,0.00,0.00,r2l,1,snmpguess,14
14348,280,tcp,ftp_data,SF,283618,0,0,0,0,2,0,0,0,0,0,0,0,0,0,0,0,0,2,2,0.00,0.00,0.00,0.00,1.00,0.00,0.00,2,2,1.00,0.00,1.00,0.00,0.00,0.00,0.00,0.00,r2l,0,warezmaster,18
4075,0,udp,private,SF,105,146,0,0,0,0,0,0,0,0,0,0,0,0,0,0,0,0,1,1,0.00,0.00,0.00,0.00,1.00,0.00,0.00,97,96,0.99,0.02,0.01,0.00,0.00,0.00,0.00,0.00,r2l,1,snmpgetattack,1
21752,4,tcp,pop_3,SF,26,93,0,0,0,0,0,1,0,0,0,0,0,0,0,0,0,0,1,1,0.00,0.00,0.00,0.00,1.00,0.00,0.00,10,13,1.00,0.00,0.10,0.23,0.00,0.00,0.00,0.00,r2l,0,guess_passwd,6
4399,4,tcp,pop_3,SF,26,93,0,0,0,0,0,1,0,0,0,0,0,0,0,0,0,0,1,1,0.00,0.00,0.00,0.00,1.00,0.00,0.00,130,115,0.88,0.02,0.01,0.02,0.00,0.00,0.08,0.00,r2l,0,guess_passwd,8
7683,0,tcp,telnet,SF,121,174,0,0,0,0,1,0,0,0,0,0,0,0,0,0,0,0,2,2,0.00,0.00,0.00,0.00,1.00,0.00,0.00,255,214,0.84,0.02,0.00,0.00,0.00,0.00,0.02,0.03,r2l,0,guess_passwd,15
4556,283,tcp,ftp,SF,160,599,0,0,0,2,0,1,0,0,0,0,0,0,0,0,0,1,1,1,0.00,0.00,0.00,0.00,1.00,0.00,0.00,130,60,0.46,0.03,0.01,0.00,0.00,0.00,0.00,0.00,r2l,0,warezmaster,11
9224,284,tcp,ftp,SF,158,595,0,0,0,2,0,1,0,0,0,0,0,0,0,0,0,1,1,1,0.00,0.00,0.00,0.00,1.00,0.00,0.00,255,17,0.07,0.94,0.00,0.00,0.00,0.00,0.93,0.00,r2l,0,warezmaster,12
8725,283,tcp,ftp,SF,160,599,0,0,0,2,0,1,0,0,0,0,0,0,0,0,0,1,1,1,0.00,0.00,0.00,0.00,1.00,0.00,0.00,255,53,0.21,0.02,0.00,0.00,0.00,0.00,0.58,0.00,r2l,0,warezmaster,14
17463,0,udp,private,SF,105,146,0,0,0,0,0,0,0,0,0,0,0,0,0,0,0,0,1,1,0.00,0.00,0.00,0.00,1.00,0.00,0.00,122,121,0.99,0.02,0.01,0.00,0.00,0.00,0.00,0.00,r2l,1,snmpgetattack,1
2950,5,tcp,pop_3,SF,26,93,0,0,0,0,0,1,0,0,0,0,0,0,0,0,0,0,1,1,0.00,0.00,0.00,0.00,1.00,0.00,0.00,144,127,0.88,0.02,0.01,0.02,0.00,0.00,0.07,0.00,r2l,0,guess_passwd,9
19768,4,tcp,pop_3,SF,25,93,0,0,0,0,0,1,0,0,0,0,0,0,0,0,0,0,1,1,0.00,0.00,0.00,0.00,1.00,0.00,0.00,189,170,0.90,0.02,0.01,0.00,0.00,0.00,0.05,0.00,r2l,0,guess_passwd,11
18653,4,tcp,pop_3,SF,28,93,0,0,0,0,0,1,0,0,0,0,0,0,0,0,0,0,1,1,0.00,0.00,0.00,0.00,1.00,0.00,0.00,104,89,0.85,0.03,0.01,0.02,0.00,0.00,0.10,0.00,r2l,0,guess_passwd,7
4776,281,tcp,ftp,SF,162,599,0,0,0,2,0,1,0,0,0,0,0,0,0,0,0,1,1,1,0.00,0.00,0.00,0.00,1.00,0.00,0.00,9,4,0.44,0.33,0.11,0.00,0.00,0.00,0.00,0.00,r2l,0,warezmaster,11
13109,0,udp,private,SF,105,146,0,0,0,0,0,0,0,0,0,0,0,0,0,0,0,0,1,1,0.00,0.00,0.00,0.00,1.00,0.00,0.00,255,254,1.00,0.01,0.00,0.00,0.00,0.00,0.00,0.00,r2l,1,snmpgetattack,6
18123,0,tcp,ftp,S1,156,554,0,0,0,2,0,1,0,0,0,0,0,0,0,0,0,1,1,1,1.00,1.00,0.00,0.00,1.00,0.00,0.00,255,17,0.07,0.93,0.00,0.00,0.00,0.06,0.92,0.00,r2l,0,warezmaster,12
2143,280,tcp,ftp_data,SF,283618,0,0,0,0,0,0,0,0,0,0,0,0,0,0,0,0,0,1,1,0.00,0.00,0.00,0.00,1.00,0.00,0.00,3,19,1.00,0.00,1.00,0.16,0.00,0.00,0.00,0.00,r2l,0,warezmaster,17
7009,5,tcp,pop_3,SF,28,93,0,0,0,0,0,1,0,0,0,0,0,0,0,0,0,0,1,1,0.00,0.00,0.00,0.00,1.00,0.00,0.00,255,236,0.93,0.01,0.00,0.00,0.00,0.00,0.04,0.00,r2l,0,guess_passwd,16
8396,0,udp,private,SF,49,0,0,0,0,0,0,0,0,0,0,0,0,0,0,0,0,0,4,4,0.00,0.00,0.00,0.00,1.00,0.00,0.00,255,255,1.00,0.00,0.01,0.00,0.00,0.00,0.00,0.00,r2l,1,snmpguess,17
1365,0,udp,private,SF,49,0,0,0,0,0,0,0,0,0,0,0,0,0,0,0,0,0,374,374,0.00,0.00,0.00,0.00,1.00,0.00,0.00,255,255,1.00,0.00,0.01,0.00,0.00,0.00,0.00,0.00,r2l,1,snmpguess,12
12793,5,tcp,pop_3,SF,32,93,0,0,0,0,0,1,0,0,0,0,0,0,0,0,0,0,1,1,0.00,0.00,0.00,0.00,1.00,0.00,0.00,255,240,0.94,0.02,0.00,0.00,0.00,0.00,0.02,0.00,r2l,0,guess_passwd,18
16346,3,tcp,pop_3,SF,30,93,0,0,0,0,0,1,0,0,0,0,0,0,0,0,0,0,1,1,0.00,0.00,0.00,0.00,1.00,0.00,0.00,255,248,0.97,0.01,0.00,0.00,0.00,0.00,0.00,0.00,r2l,0,guess_passwd,17
6585,4,tcp,pop_3,SF,26,93,0,0,0,0,0,1,0,0,0,0,0,0,0,0,0,0,1,1,0.00,0.00,0.00,0.00,1.00,0.00,0.00,6,9,1.00,0.00,0.17,0.33,0.00,0.00,0.00,0.00,r2l,0,guess_passwd,6
10114,0,tcp,other,REJ,0,0,0,0,0,0,0,0,0,0,0,0,0,0,0,0,0,0,2,1,0.00,0.00,0.50,1.00,0.50,1.00,0.00,255,18,0.07,0.01,0.00,0.00,0.00,0.00,0.06,0.89,u2r,1,httptunnel,18
10554,0,tcp,telnet,SF,122,174,0,0,0,0,1,0,0,0,0,0,0,0,0,0,0,0,1,1,0.00,0.00,0.00,0.00,1.00,0.00,0.00,255,179,0.70,0.02,0.00,0.00,0.00,0.00,0.02,0.03,r2l,0,guess_passwd,15
5638,281,tcp,ftp,SF,160,597,0,0,0,2,0,1,0,0,0,0,0,0,0,0,0,1,1,1,0.00,0.00,0.00,0.00,1.00,0.00,0.00,255,94,0.37,0.03,0.00,0.00,0.00,0.00,0.00,0.00,r2l,0,warezmaster,13
21867,4,tcp,pop_3,SF,32,93,0,0,0,0,0,1,0,0,0,0,0,0,0,0,0,0,1,1,0.00,0.00,0.00,0.00,1.00,0.00,0.00,255,236,0.93,0.02,0.00,0.00,0.00,0.00,0.02,0.00,r2l,0,guess_passwd,17
12706,283,tcp,ftp,SF,156,593,0,0,0,2,0,1,0,0,0,0,0,0,0,0,0,1,1,1,0.00,0.00,0.00,0.00,1.00,0.00,0.00,255,17,0.07,0.94,0.00,0.00,0.00,0.00,0.93,0.00,r2l,0,warezmaster,12
17115,5,tcp,pop_3,SF,32,93,0,0,0,0,0,1,0,0,0,0,0,0,0,0,0,0,1,1,0.00,0.00,0.00,0.00,1.00,0.00,0.00,11,13,1.00,0.00,0.09,0.23,0.00,0.00,0.00,0.00,r2l,0,guess_passwd,7
3467,0,tcp,telnet,SF,124,174,0,0,0,0,1,0,0,0,0,0,0,0,0,0,0,0,2,2,0.00,0.00,0.00,0.00,1.00,0.00,0.00,255,255,1.00,0.00,0.00,0.00,0.01,0.01,0.02,0.02,r2l,0,guess_passwd,16
876,13,tcp,pop_3,SF,30,93,0,0,0,0,0,1,0,0,0,0,0,0,0,0,0,0,1,1,0.00,0.00,0.00,0.00,1.00,0.00,0.00,255,252,0.99,0.01,0.00,0.00,0.00,0.00,0.00,0.00,r2l,0,guess_passwd,14
6312,0,tcp,telnet,SF,124,174,0,0,0,0,1,0,0,0,0,0,0,0,0,0,0,0,1,1,0.00,0.00,0.00,0.00,1.00,0.00,0.00,255,255,1.00,0.00,0.00,0.00,0.01,0.01,0.02,0.02,r2l,0,guess_passwd,17
407,0,udp,private,SF,105,0,0,0,0,0,0,0,0,0,0,0,0,0,0,0,0,0,1,1,0.00,0.00,0.00,0.00,1.00,0.00,0.00,255,251,0.98,0.01,0.01,0.00,0.00,0.00,0.00,0.00,r2l,1,snmpgetattack,0
15690,4,tcp,pop_3,SF,32,93,0,0,0,0,0,1,0,0,0,0,0,0,0,0,0,0,1,1,0.00,0.00,0.00,0.00,1.00,0.00,0.00,255,234,0.92,0.02,0.00,0.00,0.00,0.00,0.04,0.00,r2l,0,guess_passwd,17
3023,0,tcp,telnet,SF,121,174,0,0,0,0,1,0,0,0,0,0,0,0,0,0,0,0,1,1,0.00,0.00,0.00,0.00,1.00,0.00,0.00,255,204,0.80,0.02,0.00,0.00,0.00,0.00,0.02,0.03,r2l,0,guess_passwd,15
14308,282,tcp,ftp,SF,162,599,0,0,0,2,0,1,0,0,0,0,0,0,0,0,0,1,1,1,0.00,0.00,0.00,0.00,1.00,0.00,0.00,255,94,0.37,0.03,0.00,0.00,0.00,0.00,0.00,0.00,r2l,0,warezmaster,13
2895,0,tcp,ftp_data,SF,12,0,0,0,0,0,0,0,0,0,0,0,0,0,0,0,0,0,2,3,0.00,0.00,0.00,0.00,1.00,0.00,0.67,4,10,1.00,0.00,1.00,0.30,0.00,0.00,0.00,0.00,r2l,0,warezmaster,14
12455,5,tcp,pop_3,SF,32,93,0,0,0,0,0,1,0,0,0,0,0,0,0,0,0,0,1,1,0.00,0.00,0.00,0.00,1.00,0.00,0.00,93,80,0.85,0.03,0.01,0.03,0.00,0.00,0.11,0.00,r2l,0,guess_passwd,7
13282,0,udp,private,SF,43,43,0,0,0,0,0,0,0,0,0,0,0,0,0,0,0,0,3,3,0.00,0.00,0.00,0.00,1.00,0.00,0.00,255,254,1.00,0.01,0.01,0.00,0.00,0.00,0.00,0.00,r2l,1,snmpguess,14
3712,283,tcp,ftp,SF,154,591,0,0,0,2,0,1,0,0,0,0,0,0,0,0,0,1,1,1,0.00,0.00,0.00,0.00,1.00,0.00,0.00,255,64,0.25,0.03,0.00,0.00,0.09,0.00,0.02,0.00,r2l,0,warezmaster,12
20346,5,tcp,telnet,RSTO,123,177,0,0,0,0,1,0,0,0,0,0,0,0,0,0,0,0,1,1,0.00,0.00,1.00,1.00,1.00,0.00,0.00,255,2,0.01,0.02,0.00,0.00,0.00,0.00,0.00,0.50,r2l,0,guess_passwd,11
291,0,tcp,other,REJ,0,0,0,0,0,0,0,0,0,0,0,0,0,0,0,0,0,0,2,1,0.00,0.00,0.50,1.00,0.50,1.00,0.00,255,1,0.00,0.02,0.00,0.00,0.00,0.00,0.00,1.00,u2r,1,httptunnel,20
15073,283,tcp,ftp,SF,156,591,0,0,0,2,0,1,0,0,0,0,0,0,0,0,0,1,1,1,0.00,0.00,0.00,0.00,1.00,0.00,0.00,255,100,0.39,0.03,0.00,0.00,0.02,0.00,0.01,0.00,r2l,0,warezmaster,14
4833,0,tcp,auth,SF,10,35,0,0,0,0,0,0,0,0,0,0,0,0,0,0,0,0,1,1,0.00,0.00,0.00,0.00,1.00,0.00,0.00,50,1,0.02,0.10,0.02,0.00,0.00,0.00,0.00,0.00,r2l,1,sendmail,0
11579,4,tcp,pop_3,SF,32,93,0,0,0,0,0,1,0,0,0,0,0,0,0,0,0,0,2,1,0.00,0.00,0.00,0.00,0.50,1.00,0.00,255,157,0.62,0.02,0.00,0.00,0.00,0.00,0.13,0.00,r2l,0,guess_passwd,14
14488,6,tcp,ftp,SF,50,199,0,0,0,0,0,1,0,0,0,0,0,0,0,0,0,0,1,1,0.00,0.00,0.00,0.00,1.00,0.00,0.00,25,19,0.76,0.12,0.04,0.00,0.00,0.00,0.00,0.00,u2r,1,ps,5
13335,226,tcp,telnet,SF,507,60530,0,0,0,0,0,1,1,0,0,1,0,0,0,0,0,0,1,1,0.00,0.00,0.00,0.00,1.00,0.00,0.00,255,2,0.01,0.02,0.00,0.00,0.00,0.00,0.00,0.00,r2l,1,xlock,0
19983,0,udp,private,SF,105,146,0,0,0,0,0,0,0,0,0,0,0,0,0,0,0,0,1,1,0.00,0.00,0.00,0.00,1.00,0.00,0.00,111,111,1.00,0.00,0.01,0.00,0.00,0.00,0.00,0.00,r2l,1,snmpgetattack,0
6117,0,tcp,telnet,SF,125,174,0,0,0,0,1,0,0,0,0,0,0,0,0,0,0,0,1,1,0.00,0.00,0.00,0.00,1.00,0.00,0.00,255,133,0.52,0.02,0.00,0.00,0.00,0.00,0.02,0.03,r2l,0,guess_passwd,14
11029,0,udp,private,SF,41,0,0,0,0,0,0,0,0,0,0,0,0,0,0,0,0,0,3,3,0.00,0.00,0.00,0.00,1.00,0.00,0.00,255,254,1.00,0.01,0.00,0.00,0.00,0.00,0.00,0.00,r2l,1,snmpguess,16
13184,0,udp,private,SF,43,43,0,0,0,0,0,0,0,0,0,0,0,0,0,0,0,0,2,2,0.00,0.00,0.00,0.00,1.00,0.00,0.00,255,254,1.00,0.01,0.01,0.00,0.00,0.00,0.00,0.00,r2l,1,snmpguess,14
21011,280,tcp,ftp_data,SF,283618,0,0,0,0,0,0,0,0,0,0,0,0,0,0,0,0,0,2,2,0.00,0.00,0.00,0.00,1.00,0.00,0.00,12,12,1.00,0.00,1.00,0.00,0.00,0.00,0.00,0.00,r2l,0,warezmaster,14
4025,0,udp,private,SF,105,105,0,0,0,0,0,0,0,0,0,0,0,0,0,0,0,0,2,2,0.00,0.00,0.00,0.00,1.00,0.00,0.00,255,253,0.99,0.01,0.00,0.00,0.00,0.00,0.00,0.00,r2l,1,snmpgetattack,4
15152,0,tcp,telnet,SF,124,174,0,0,0,0,1,0,0,0,0,0,0,0,0,0,0,0,1,1,0.00,0.00,0.00,0.00,1.00,0.00,0.00,255,160,0.63,0.02,0.00,0.00,0.00,0.00,0.02,0.03,r2l,0,guess_passwd,15
21158,281,tcp,ftp,SF,162,597,0,0,0,2,0,1,0,0,0,0,0,0,0,0,0,1,1,1,0.00,0.00,0.00,0.00,1.00,0.00,0.00,255,87,0.34,0.03,0.00,0.00,0.02,0.00,0.01,0.00,r2l,0,warezmaster,13
11167,0,udp,private,SF,48,0,0,0,0,0,0,0,0,0,0,0,0,0,0,0,0,0,3,3,0.00,0.00,0.00,0.00,1.00,0.00,0.00,255,253,0.99,0.01,0.00,0.00,0.00,0.00,0.00,0.00,r2l,1,snmpguess,14
14737,3,tcp,pop_3,SF,28,93,0,0,0,0,0,1,0,0,0,0,0,0,0,0,0,0,1,1,0.00,0.00,0.00,0.00,1.00,0.00,0.00,255,236,0.93,0.01,0.00,0.00,0.00,0.00,0.04,0.00,r2l,0,guess_passwd,16
19669,4,tcp,pop_3,SF,28,93,0,0,0,0,0,1,0,0,0,0,0,0,0,0,0,0,1,1,0.00,0.00,0.00,0.00,1.00,0.00,0.00,203,184,0.91,0.01,0.00,0.00,0.00,0.00,0.05,0.00,r2l,0,guess_passwd,10
14613,5,tcp,pop_3,SF,30,93,0,0,0,0,0,1,0,0,0,0,0,0,0,0,0,0,1,1,0.00,0.00,0.00,0.00,1.00,0.00,0.00,255,252,0.99,0.01,0.00,0.00,0.00,0.00,0.00,0.00,r2l,0,guess_passwd,18
13553,4,tcp,pop_3,SF,28,93,0,0,0,0,0,1,0,0,0,0,0,0,0,0,0,0,1,1,0.00,0.00,0.00,0.00,1.00,0.00,0.00,255,249,0.98,0.01,0.00,0.00,0.00,0.00,0.02,0.00,r2l,0,guess_passwd,18
21512,0,tcp,ftp,SF,25,157,0,0,0,0,1,0,0,0,0,0,0,0,0,0,0,1,1,1,0.00,0.00,0.00,0.00,1.00,0.00,0.00,39,16,0.41,0.10,0.03,0.00,0.00,0.00,0.00,0.00,r2l,0,guess_passwd,8
4586,0,udp,private,SF,46,46,0,0,0,0,0,0,0,0,0,0,0,0,0,0,0,0,4,3,0.00,0.00,0.00,0.00,0.75,0.50,0.00,255,254,1.00,0.01,0.01,0.00,0.00,0.00,0.00,0.00,r2l,1,snmpguess,10
20650,0,udp,private,SF,43,0,0,0,0,0,0,0,0,0,0,0,0,0,0,0,0,0,4,4,0.00,0.00,0.00,0.00,1.00,0.00,0.00,255,253,0.99,0.01,0.01,0.00,0.00,0.00,0.00,0.00,r2l,1,snmpguess,15
19963,0,tcp,telnet,SF,123,174,0,0,0,0,1,0,0,0,0,0,0,0,0,0,0,0,1,1,0.00,0.00,0.00,0.00,1.00,0.00,0.00,255,117,0.46,0.02,0.00,0.00,0.00,0.00,0.01,0.03,r2l,0,guess_passwd,11
12244,280,tcp,ftp_data,SF,283618,0,0,0,0,2,0,0,0,0,0,0,0,0,0,0,0,0,2,2,0.00,0.00,0.00,0.00,1.00,0.00,0.00,6,22,1.00,0.00,1.00,0.18,0.00,0.00,0.00,0.00,r2l,0,warezmaster,16
10513,4,tcp,pop_3,SF,30,93,0,0,0,0,0,1,0,0,0,0,0,0,0,0,0,0,1,1,0.00,0.00,0.00,0.00,1.00,0.00,0.00,255,240,0.94,0.04,0.00,0.00,0.00,0.00,0.00,0.00,r2l,0,guess_passwd,18
11573,0,tcp,ftp_data,SF,2209,0,0,0,0,0,0,0,0,0,0,0,0,0,0,0,0,0,1,1,0.00,0.00,0.00,0.00,1.00,0.00,0.00,4,2,0.50,0.50,0.50,0.00,0.00,0.00,0.00,0.00,u2r,1,xterm,1
7543,0,udp,private,SF,40,0,0,0,0,0,0,0,0,0,0,0,0,0,0,0,0,0,5,5,0.00,0.00,0.00,0.00,1.00,0.00,0.00,255,255,1.00,0.00,0.00,0.00,0.00,0.00,0.00,0.00,r2l,1,snmpguess,16
20841,281,tcp,ftp,SF,162,599,0,0,0,2,0,1,0,0,0,0,0,0,0,0,0,1,1,1,0.00,0.00,0.00,0.00,1.00,0.00,0.00,255,15,0.06,0.80,0.00,0.00,0.00,0.07,0.77,0.00,r2l,0,warezmaster,12
10604,0,tcp,telnet,SF,119,174,0,0,0,0,1,0,0,0,0,0,0,0,0,0,0,0,1,1,0.00,0.00,0.00,0.00,1.00,0.00,0.00,255,55,0.22,0.02,0.00,0.00,0.00,0.00,0.01,0.04,r2l,0,guess_passwd,11
7513,0,tcp,other,REJ,0,0,0,0,0,0,0,0,0,0,0,0,0,0,0,0,0,0,1,1,0.00,0.00,1.00,1.00,1.00,0.00,0.00,255,3,0.01,0.02,0.00,0.00,0.00,0.00,0.01,1.00,u2r,1,httptunnel,18
2998,0,tcp,telnet,SF,120,174,0,0,0,0,1,0,0,0,0,0,0,0,0,0,0,0,2,2,0.00,0.00,0.00,0.00,1.00,0.00,0.00,255,229,0.90,0.02,0.00,0.00,0.00,0.00,0.02,0.03,r2l,0,guess_passwd,15
17997,0,udp,private,SF,42,0,0,0,0,0,0,0,0,0,0,0,0,0,0,0,0,0,5,5,0.00,0.00,0.00,0.00,1.00,0.00,0.00,255,254,1.00,0.01,0.00,0.00,0.00,0.00,0.00,0.00,r2l,1,snmpguess,15
21966,280,tcp,ftp_data,SF,283618,0,0,0,0,0,0,0,0,0,0,0,0,0,0,0,0,0,2,2,0.00,0.00,0.00,0.00,1.00,0.00,0.00,6,8,1.00,0.00,1.00,0.25,0.00,0.00,0.00,0.00,r2l,0,warezmaster,18
9730,6,tcp,pop_3,SF,32,93,0,0,0,0,0,1,0,0,0,0,0,0,0,0,0,0,1,1,0.00,0.00,0.00,0.00,1.00,0.00,0.00,255,242,0.95,0.02,0.00,0.00,0.00,0.00,0.01,0.00,r2l,0,guess_passwd,18
13942,0,tcp,ftp_data,SF,12,0,0,0,0,0,0,0,0,0,0,0,0,0,0,0,0,0,1,1,0.00,0.00,0.00,0.00,1.00,0.00,0.00,5,15,1.00,0.00,1.00,0.13,0.00,0.00,0.00,0.00,r2l,0,warezmaster,14
1192,282,tcp,ftp,SF,156,595,0,0,0,2,0,1,0,0,0,0,0,0,0,0,0,1,1,1,0.00,0.00,0.00,0.00,1.00,0.00,0.00,255,10,0.04,0.02,0.00,0.00,0.80,0.00,0.02,0.00,r2l,0,warezmaster,15
2907,0,tcp,telnet,SF,124,174,0,0,0,0,1,0,0,0,0,0,0,0,0,0,0,0,1,1,0.00,0.00,0.00,0.00,1.00,0.00,0.00,255,254,1.00,0.01,0.00,0.00,0.02,0.02,0.01,0.01,r2l,0,guess_passwd,14
11151,0,tcp,ftp_data,SF,12,0,0,0,0,0,0,0,0,0,0,0,0,0,0,0,0,0,1,1,0.00,0.00,0.00,0.00,1.00,0.00,0.00,255,34,0.13,0.03,0.13,0.00,0.02,0.00,0.00,0.00,r2l,0,warezmaster,6
